"year","county","water_regime","site","latitude","longitude","soil","tillage","predecessor","planting_date","planting_date_DOY","density_pl_ha","nitrogen_kg_ha","phosphorus_kg_ha","potassium_kg_ha","irrigation_mm","harvest_date","harvest_date_DOY","mean_yield","sd_yield","mean_tw_lb_bu","sd_tw_lb_bu","mean_silking","sd_silking"
1991,"Finney","irrigated","Garden City",37.989533,-100.81519,"Ulysses silt loam",,"corn",1991-05-02,122,60785.3990501278,168.1275,0,0,635,1991-09-21,264,218.92350877193,11.5250112765542,56.7456140350877,1.29514753667224,70.745350877193,1.60158338678391
1991,"Republic","irrigated","Scandia",39.831345,-97.843164,"Crete silt loam",,"soybean",1991-05-07,127,60785.3990501278,244.3453,22.50039124,0,281.94,1991-09-23,266,169.295064935065,16.7062992077663,58.9551948051948,0.880967784806797,65.9350649350649,2.10474190402768
1991,"Shawnee","irrigated","Topeka",39.076368,-95.768895,"Eudora silt loam",,"soybean",1991-04-16,106,60785.3990501278,207.35725,20.54383548,19.5394754205,284.48,1991-09-06,249,201.346129032258,11.8405861278878,57.1040322580645,1.35732072109946,77.4959677419355,1.53276505709578
1991,"Thomas","irrigated","Colby",39.393921,-101.063517,"Keith silt loam",,"soybean",1991-05-08,128,68887.9773453987,252.19125,19.5655576,0,533.4,1991-10-16,289,239.748155339806,17.6223242300711,61.002427184466,1.11268132782616,68.1165048543689,1.61898037916259
1992,"Finney","irrigated","Garden City",37.989533,-100.81519,"Keith silt loam",,"soybean",1992-04-23,114,68887.9773453987,224.17,0,0,612.14,1992-10-21,295,238.526324786325,12.461111272073,55.9150427350427,1.42200479164745,87.2162393162393,2.56365133142761
1992,"Franklin","dryland","Ottawa",38.539397,-95.2444,"Woodson silt loam",,"soybean",1992-05-20,141,44928.6607394375,125.5352,23.47866912,22.330829052,0,1992-11-09,314,181.569375,11.2421488477197,56.705625,1.14378635339919,67.1171875,1.68676497807781
1992,"Republic","dryland","Belleville",39.815895,-97.706977,"Crete silt loam",,"sorghum",1992-04-10,101,46969.7493859437,184.94025,24.94608594,0,0,1992-09-16,260,182.093888888889,27.8137860736656,53.3316666666667,1.22714997405514,86.1944444444444,2.61859239741332
1992,"Republic","irrigated","Scandia",39.831345,-97.843164,"Crete silt loam",,"soybean",1992-04-28,119,79486.3177871238,190.5445,16.63072396,0,0,1992-09-21,265,210.086774193548,14.4846122731081,58.6872580645161,0.585410516897803,76.4838709677419,1.14059856997624
1992,"Shawnee","irrigated","Topeka",39.076368,-95.768895,"Eudora silt loam",,"soybean",1992-05-01,122,68887.9773453987,209.59895,20.05469654,0,170.18,1992-10-06,280,210.813684210526,12.5430744453405,58.1026315789474,1.07761231816952,72.3947368421053,1.51329477968622
1993,"Finney","irrigated","Garden City",37.989533,-100.81519,"Keith silt loam",,"soybean",1993-05-07,127,68887.9773453987,224.17,24.456947,0,622.3,1993-10-13,286,202.195523809524,14.6484332964414,,,75.346,2.18840062778558
1993,"Franklin","dryland","Ottawa",38.539397,-95.2444,"Woodson silt loam",,"soybean",1993-04-27,117,44928.6607394375,125.5352,23.47866912,22.330829052,0,1993-10-06,279,108.30387755102,10.7175298025257,56.0183673469388,1.00367521917114,80.5459183673469,1.85592622694544
1993,"Republic","dryland","Belleville",39.815895,-97.706977,"Crete silt loam",,"wheat",1993-04-26,116,46969.7493859437,235.3785,14.6741682,0,0,1993-09-30,273,165.114545454545,13.0972099041257,55.6754545454545,0.55886248105171,78,2.84824507372522
1993,"Shawnee","irrigated","Topeka",39.076368,-95.768895,"Eudora silt loam",,"soybean",1993-04-22,112,60787.8701017579,209.59895,20.54383548,0,0,1993-09-22,265,154.490833333333,9.69223545459687,60.2816666666667,1.19064028731826,80.2916666666667,2.1722277611539
1994,"Finney","irrigated","Garden City",37.989533,-100.81519,"Keith silt loam",,"soybean",1994-05-05,125,68887.9773453987,201.753,0,0,127,1994-10-12,285,193.762962962963,14.933682101582,,,71.962962962963,1.53659074288215
1994,"Franklin","dryland","Ottawa",38.539397,-95.2444,"Woodson silt loam",,"soybean",1994-05-18,138,44928.6607394375,114.3267,23.47866912,22.330829052,0,1994-10-27,300,135.1375,8.33864688752879,58.30625,0.886879840262383,61.4375,2.61669151183037
1994,"Republic","dryland","Belleville",39.815895,-97.706977,"Crete silt loam",,"wheat",1994-04-20,110,68887.9773453987,205.11555,12.2284735,0,,1994-09-14,257,206.085,32.50806013413,56.525,0.186024899295484,81.95,2.11448637535903
1994,"Republic","irrigated","Scandia",39.831345,-97.843164,"Crete silt loam",,"soybean",1994-04-22,112,68887.9773453987,201.753,14.6741682,27.913536315,152.4,1994-10-10,283,218.603571428571,24.3050384921295,58.5578125,0.732207943293585,78.890625,2.63141694885667
1994,"Thomas","irrigated","Colby",39.393921,-101.063517,"Keith silt loam",,"soybean",1994-05-04,124,68887.9773453987,207.35725,14.6741682,0,609.6,1994-10-21,294,250.467948717949,14.4879662881361,57.5782051282051,1.05123890248755,71.4871794871795,2.64203576439703
1995,"Finney","irrigated","Garden City",37.989533,-100.81519,"Keith silt loam",,"soybean",1995-05-15,135,68887.9773453987,224.17,0,0,127,1995-10-17,290,181.803125,14.2159768912136,,,77.333,2.09404242337305
1995,"Franklin","dryland","Ottawa",38.539397,-95.2444,"Woodson silt loam",,"soybean",1995-06-19,170,44928.6607394375,78.4595,16.63072396,10.2349633155,0,1995-11-04,308,102.93,15.1286939290872,55.8094117647059,0.791541311024778,55.4509803921569,1.66509730034249
1995,"Republic","dryland","Belleville",39.815895,-97.706977,"Crete silt loam",,"wheat",1995-04-23,113,46969.7493859437,201.753,14.6741682,0,0,1995-10-20,293,116.054,10.5124333189664,58.4833333333333,0.621423097950717,93.5666666666667,3.39309522974161
1995,"Republic","irrigated","Scandia",39.831345,-97.843164,"Crete silt loam",,"soybean",1995-05-16,136,68887.9773453987,201.753,14.6741682,0,228.6,1995-10-25,298,178.211538461538,16.9644166678623,57.6961538461538,0.803585479539105,74.4951923076923,1.8347746459738
1995,"Shawnee","irrigated","Topeka",39.076368,-95.768895,"Eudora silt loam",,"soybean",1995-04-28,118,68887.9773453987,209.59895,20.05469654,0,,1995-10-02,275,150.10170212766,12.7506837530468,50.7068085106383,1.26826842993145,86.9568085106383,1.56161163459975
1995,"Thomas","irrigated","Colby",39.393921,-101.063517,"Keith silt loam",,"sunflower",1995-05-12,132,68887.9773453987,240.98275,12.2284735,0,444.5,1995-10-27,300,127.913902439024,24.2820124329272,54.0512195121951,1.25421205429761,83.5579268292683,2.06203886745043
1996,"Finney","irrigated","Garden City",37.989533,-100.81519,"Keith silt loam",,"soybean",1996-04-29,120,69189.4456442773,224.17,0,0,,1996-10-17,291,177.923846153846,11.19104464688,,,79.6872307692308,2.3748450657966
1996,"Franklin","dryland","Ottawa",38.539397,-95.2444,"Woodson silt loam",,"soybean",1996-04-25,116,44973.1396687802,78.4595,0,0,0,1996-10-04,278,154.644634146341,10.8709443236457,55.1158536585366,1.2268577252676,73.9573170731707,2.36900720175166
1996,"Republic","dryland","Belleville",39.815895,-97.706977,"Crete silt loam",,"wheat",1996-04-18,109,46949.9809729024,201.753,14.6741682,0,0,1996-10-16,290,153.555,12.6628688443189,56.217,0.412911357888935,88.5625,2.4141509894785
1996,"Republic","irrigated","Scandia",39.831345,-97.843164,"Crete silt loam",,"soybean",1996-04-24,115,69189.4456442773,224.17,14.6741682,0,,1996-10-22,296,185.61847826087,12.4305857495653,58.8913043478261,0.728903617148239,84.6847826086957,1.80695783524616
1996,"Thomas","irrigated","Colby",39.393921,-101.063517,"Keith silt loam",,"sunflower",1996-05-02,123,69189.4456442773,246.587,15.65244608,0,,1996-10-23,297,226.466911764706,15.0497068209013,54.0769117647059,1.36813770075155,81.3897058823529,1.6489381210734
1997,"Finney","irrigated","Garden City",37.989533,-100.81519,"Silt Loam",,"soybean",1997-05-07,127,74131.5489045828,224.17,0,0,,1997-10-14,287,220.856506024096,14.4627043007882,57.4084337349398,1.00949212288415,74.1844578313253,2.28714714885536
1997,"Franklin","dryland","Ottawa",38.539397,-95.2444,"Woodson silt loam",,"soybean",1997-05-01,121,51892.084233208,78.4595,0,0,0,1997-10-06,279,154.817209302326,11.8137728995362,58.9883720930233,1.05185987259882,73.0639534883721,1.16636010843438
1997,"Republic","dryland","Belleville",39.815895,-97.706977,"Silt Loam",,"wheat",1997-04-22,112,54363.1358633607,201.753,14.6741682,0,0,1997-09-30,273,71.6647368421053,18.7603212294347,55.0881578947368,1.10565097680215,89.4539473684211,1.63869516231448
1997,"Republic","irrigated","Scandia",39.831345,-97.843164,"Silt Loam",,"soybean",1997-04-24,114,74131.5489045828,246.587,14.6741682,0,,1997-10-22,295,206.692553191489,20.221773077131,59.07,0.420827342474218,84.2340425531915,1.55024915188897
1997,"Shawnee","irrigated","Topeka",39.076368,-95.768895,"Eudora silt loam",,"soybean",1997-04-12,102,74131.5489045828,180.45685,18.58727972,0,,1997-09-18,261,199.355238095238,18.362260241088,58.8766666666667,0.821879662031971,79.2976190476191,1.80297695495981
1997,"Thomas","irrigated","Colby",39.393921,-101.063517,"Silt Loam",,"sunflower",1997-05-05,125,74131.5489045828,246.587,19.5655576,0,,1997-10-16,289,236.295,14.235402737397,55.7495945945946,1.59385845196551,78.4324324324324,1.90317745183688
1998,"Finney","irrigated","Garden City",37.989533,-100.81519,"Silt Loam",,"soybean",1998-04-27,117,74131.5489045828,224.17,0,0,,1998-10-06,279,180.067352941176,20.3866101518991,,,83.5936764705882,2.29715521955346
1998,"Franklin","dryland","Ottawa",38.539397,-95.2444,"Woodson silt loam",,"soybean",1998-05-08,128,51892.084233208,112.085,16.63072396,10.2349633155,0,1998-10-26,299,136.659183673469,12.0586536763602,58.3724489795918,1.14411816590378,58.530612244898,1.35557553607817
1998,"Republic","dryland","Belleville",39.815895,-97.706977,"Silt Loam",,"wheat",1998-04-24,114,54363.1358633607,168.1275,14.6741682,0,0,1998-09-14,257,143.480277777778,13.3360147155012,57.0466666666667,0.996422170998389,77.4791666666667,1.63813373778124
1998,"Republic","irrigated","Scandia",39.831345,-97.843164,"Silt Loam",,"soybean",1998-04-21,111,74131.5489045828,224.17,14.6741682,0,,1998-09-25,268,175.351176470588,14.6572242456829,57.9296078431373,0.835901814292357,79.5882352941177,1.92147308686055
1998,"Shawnee","irrigated","Topeka",39.076368,-95.768895,"Eudora silt loam",,"corn",1998-04-24,114,74131.5489045828,209.59895,19.5655576,0,,1998-09-23,266,150.522941176471,14.3538485841418,61.2356862745098,1.00839130282239,70.523137254902,2.30306447169512
1998,"Thomas","irrigated","Colby",39.393921,-101.063517,"Silt Loam",,"sunflower",1998-04-30,120,74131.5489045828,280.2125,14.6741682,0,,1998-10-13,286,252.271323529412,21.5792721789768,56.3151470588235,1.38534600737162,79.2095588235294,2.36801222378824
1999,"Franklin","dryland","Ottawa",38.539397,-95.2444,"Woodson silt loam",,"soybean",1999-05-13,133,51892.084233208,112.085,0,0,0,1999-09-24,267,104.621875,9.42610378575301,54.1772916666667,1.59518256086326,73,1.76098376761038
1999,"Greeley","dryland","Tribune",38.47206,-101.77241,"Ulysses & Colby silt loam","no-tillage","wheat",1999-05-14,134,37065.7744522914,89.668,0,0,0,1999-10-12,285,123.3465,11.0322566642217,54.7105,1.50878297068584,71.5375,2.30313716254019
1999,"Harvey","dryland","Hesston",38.131931,-97.441429,"Ladysmith silty clay loam",,"wheat",1999-05-07,127,56834.1874935135,140.10625,18.09814078,0,0,1999-09-02,245,86.2396,9.52484666543247,56.3952,1.69079399494241,62.89,2.48545770432731
1999,"Republic","dryland","Belleville",39.815895,-97.706977,"Crete silt loam",,"soybean",1999-05-10,130,54363.1358633607,201.753,146.741682,0,0,1999-10-01,274,110.167446808511,21.6188494111329,56.3348936170213,0.647553497338169,68.718085106383,0.940653422980357
1999,"Republic","irrigated","Scandia",39.831345,-97.843164,"Silt Loam",,"soybean",1999-05-08,128,74131.5489045828,246.587,14.6741682,0,,1999-10-20,293,190.536296296296,12.0378002591987,59.4996296296296,0.760168707597979,72.9907407407407,1.84094095285367
1999,"Shawnee","irrigated","Topeka",39.076368,-95.768895,"Eudora silt loam",,"corn",1999-04-21,111,74131.5489045828,181.5777,19.5655576,0,,1999-09-16,259,147.54914893617,14.9481391643688,58.2034042553191,1.23601089870625,79.031914893617,1.01699822217337
1999,"Thomas","irrigated","Colby",39.393921,-101.063517,"Silt Loam",,"sunflower",1999-05-07,127,74131.5489045828,263.39975,22.0112523,0,,1999-10-20,293,234.151475409836,14.7568069983613,53.6852459016393,2.10761998990756,76.7090163934426,1.81037537996777
2000,"Finney","irrigated","Garden City",37.989533,-100.81519,"Keith silt loam",,"soybean",2000-04-27,118,74131.5489045828,201.753,0,0,,2000-09-22,266,194.681029411765,17.1356411444672,,,76.4227941176471,1.8347075455983
2000,"Franklin","dryland","Ottawa",38.539397,-95.2444,"Woodson silt loam",,"soybean",2000-04-14,105,51892.084233208,124.41435,18.58727972,0,0,2000-09-09,253,98.1004166666667,10.8870403063094,57.0960416666667,1.48091940904942,78.9427083333333,2.25161855692445
2000,"Greeley","dryland","Tribune",38.47206,-101.77241,"Ulysses & Colby silt loam","no-tillage","wheat",2000-05-04,125,42007.8777125969,117.68925,8.31536198,0,0,2000-09-20,264,32.8157894736842,6.42510600673048,52.8160526315789,1.39110599490008,84.3026315789474,2.28992940314942
2000,"Harvey","dryland","Hesston",38.131931,-97.441429,"Smolan silt loam",,"wheat",2000-04-14,105,49421.0326030552,140.10625,18.09814078,0,0,2000-08-28,241,95.7864285714286,13.6196682980998,58.3753571428571,1.66561407237548,74.8928571428571,2.84346926488004
2000,"Republic","irrigated","Scandia",39.831345,-97.843164,"Crete silt loam",,"soybean",2000-04-17,108,74131.5489045828,246.587,14.6741682,0,,2000-09-20,264,198.5034,15.9218170958171,59.6506,0.801171107103309,83.3,1.33152513445052
2000,"Shawnee","irrigated","Topeka",39.076368,-95.768895,"Eudora silt loam",,"soybean",2000-04-12,103,74131.5489045828,179.336,17.1198629,0,,2000-09-01,245,169.342820512821,15.9860498311427,56.9802564102564,0.913669545178548,76.0192307692308,1.51569054023741
2000,"Thomas","irrigated","Colby",39.393921,-101.063517,"Keith silt loam",,"soybean",2000-04-28,119,74131.5489045828,280.2125,14.6741682,0,,2000-09-20,264,185.822686567164,17.1427540644852,56.7220895522388,1.43166414856388,77.865671641791,1.92488112492505
2001,"Finney","irrigated","Garden City",37.989533,-100.81519,"Keith silt loam",,"soybean",2001-05-01,121,74131.5489045828,201.753,0,0,,2001-10-11,284,192.304590163934,17.0163326027056,58.2429508196721,1.01917506553469,74.672131147541,1.73598014077936
2001,"Franklin","dryland","Ottawa",38.539397,-95.2444,"Woodson silt loam",,"soybean",2001-04-24,114,51892.084233208,124.41435,18.58727972,0,0,2001-09-13,256,106.006888888889,8.42921753680781,56.3033333333333,1.54875463166084,68.7388888888889,1.77574852619475
2001,"Greeley","dryland","Tribune",38.47206,-101.77241,"Ulysses silt loam","no-tillage","wheat",2001-05-10,130,42007.8777125969,134.502,9.7827788,0,0,2001-09-25,268,83.8939393939394,8.87822685682294,55.1942424242424,1.66127968427774,74.2651515151515,2.25861146671484
2001,"Harvey","dryland","Hesston",38.131931,-97.441429,"Smolan silt loam","minimum-tillage","wheat",2001-04-19,109,49421.0326030552,140.10625,18.09814078,0,0,2001-08-28,240,29.7505714285714,10.2369756399095,54.408,1.54505434893937,69.5857142857143,2.40705371004164
2001,"Republic","irrigated","Scandia",39.831345,-97.843164,"Crete silt loam",,"soybean",2001-04-24,114,74131.5489045828,246.587,14.6741682,0,,2001-10-18,291,198.163709677419,11.347984039044,59.6085483870968,0.714158559733046,78.633064516129,1.41255911085911
2001,"Shawnee","irrigated","Topeka",39.076368,-95.768895,"Eudora silt loam",,"soybean",2001-04-20,110,74131.5489045828,179.336,17.1198629,0,,2001-10-01,274,185.77,15.7801220162411,56.4896666666667,1.15108050443208,65.0721666666667,1.79032341711019
2001,"Thomas","irrigated","Colby",39.393921,-101.063517,"Keith silt loam",,"soybean",2001-05-01,121,74131.5489045828,280.2125,14.6741682,0,,2001-10-11,284,245.540952380952,15.6460655380283,56.5636507936508,1.15828056881227,76.8095238095238,1.93582226304519
2002,"Finney","irrigated","Garden City",37.989533,-100.81519,"Keith silt loam",,"soybean",2002-05-02,122,74131.5489045828,201.753,0,0,,2002-10-17,290,224.964897959184,13.165492002841,,,74.1887755102041,2.31645529550096
2002,"Franklin","dryland","Ottawa",38.539397,-95.2444,"Woodson silt loam",,"soybean",2002-04-17,107,51892.084233208,124.41435,18.58727972,0,0,2002-08-29,241,39.6081818181818,10.4077823810315,52.6366666666667,1.60572293807062,78.0984848484848,1.63570917573258
2002,"Harvey","dryland","Hesston",38.131931,-97.441429,"Smolan silt loam","minimum-tillage","wheat",2002-04-17,107,49421.0326030552,140.10625,18.09814078,0,0,2002-08-30,242,58.6220689655172,8.03196265790193,54.9079310344828,1.26100974084361,75.3362068965517,2.5802095897608
2002,"Republic","irrigated","Scandia",39.831345,-97.843164,"Crete silt loam",,"soybean",2002-04-20,110,74131.5489045828,246.587,14.6741682,0,482.6,2002-10-12,285,224.669130434783,20.0745785981604,59.1297826086956,0.926022531836347,82.4184782608696,1.12058311683656
2002,"Shawnee","irrigated","Topeka",39.076368,-95.768895,"Eudora silt loam",,"soybean",2002-04-25,115,74131.5489045828,179.336,17.1198629,0,,2002-09-23,266,192.824375,14.8387772487952,56.5995833333333,1.10278556070879,74.7447916666667,1.41373353531182
2002,"Thomas","irrigated","Colby",39.393921,-101.063517,"Keith silt loam",,"soybean",2002-05-02,122,74131.5489045828,280.2125,24.456947,0,508,2002-10-15,288,264.772,14.4957262411809,56.3698181818182,1.35092628154974,76.2,1.80559829009256
2003,"Finney","irrigated","Garden City",37.989533,-100.81519,"Keith silt loam",,"soybean",2003-04-27,117,74131.5489045828,201.753,0,0,,2003-10-03,276,272.077441860465,15.9151479344774,,,75.5523255813954,1.04305831734263
2003,"Harvey","dryland","Hesston",38.131931,-97.441429,"Irwin silty clay loam","minimum-tillage","wheat",2003-04-15,105,49421.0326030552,140.10625,18.09814078,0,0,2003-08-27,239,13.9716,6.68019378461434,52.6408,3.75709431165451,78.26,2.63833912401976
2003,"Republic","irrigated","Scandia",39.831345,-97.843164,"Crete silt loam",,"soybean",2003-04-02,92,74131.5489045828,246.587,14.6741682,0,,2003-10-14,287,219.613636363636,14.0061931227313,58.0541818181818,0.199189942006701,83.8549090909091,1.46443627471242
2003,"Shawnee","irrigated","Topeka",39.076368,-95.768895,"Eudora silt loam",,"soybean",2003-04-11,101,64247.3423839718,179.336,17.1198629,0,,2003-09-16,259,194.634339622642,19.7032340677512,54.1656603773585,1.16211430232533,83.7301886792453,1.73851449692639
2003,"Thomas","irrigated","Colby",39.393921,-101.063517,"Keith silt loam",,"sunflower",2003-05-05,125,74131.5489045828,252.19125,29.3483364,0,,2003-10-10,283,241.722131147541,18.9430970817652,52.3918032786885,1.64092911506126,78.3852459016394,1.61604827336869
2004,"Finney","irrigated","Garden City",37.989533,-100.81519,"Keith silt loam",,"soybean",2004-04-29,120,74131.5489045828,201.753,0,0,,2004-10-26,300,249.0316225,13.6508374221471,,,76.2125,1.5530676838983
2004,"Franklin","dryland","Ottawa",38.539397,-95.2444,"Woodson silt loam",,"soybean",2004-04-06,97,51892.084233208,124.41435,18.58727972,0,0,2004-09-14,258,161.502180357143,9.32842720985736,56.4367857142857,1.25107314972947,80.6160714285714,2.07307648288627
2004,"Harvey","dryland","Hesston",38.131931,-97.441429,"Smolan silt loam","minimum-tillage","wheat",2004-04-05,96,44478.9293427497,171.49005,18.09814078,0,0,2004-09-10,254,152.239267741935,18.3182981648658,57.3427419354839,1.30510525674476,79.4838709677419,2.68323148140366
2004,"Nemaha","dryland","Centralia",39.783495,-96.12618,"Wymore silt loam",,"soybean",2005-04-19,109,56834.1874935135,145.7105,14.6741682,0,0,2005-09-19,262,182.0742,10.6924196664769,58.6061538461538,0.993959792804285,67.0961538461538,1.81878882459222
2004,"Reno","irrigated","Hutchinson",38.060752,-97.930206,"Punkin silt loam",,"soybean",2004-04-27,118,74131.5489045828,224.17,14.6741682,0,,2004-09-29,273,236.6727375,12.7934895321107,58.7161465625,1.09107658729322,70.4166666665625,1.38605445543201
2004,"Republic","dryland","Belleville",39.815895,-97.706977,"Crete silt loam",,"soybean",2004-04-15,106,54363.1358633607,201.753,14.6741682,0,0,2004-09-20,264,126.493844444444,7.02912713007149,56.9383333333333,1.04333109448884,85.1611111111111,0.876063567178418
2004,"Republic","irrigated","Scandia",39.831345,-97.843164,"Crete silt loam",,"soybean",2004-04-28,119,74131.5489045828,246.587,14.6741682,0,,2004-10-08,282,240.794777464789,15.2263001953406,58.7267605633803,0.649042205644787,74.6338028169014,1.77272539666807
2004,"Shawnee","irrigated","Topeka",39.076368,-95.768895,"Eudora silt loam",,"soybean",2004-04-13,104,64247.3423839718,179.336,17.1198629,0,0,2004-09-27,271,239.56705308642,18.5908509143482,55.1509259259259,1.15715467611052,75.3672839506173,1.85787446585182
2004,"Thomas","irrigated","Colby",39.393921,-101.063517,"Keith silt loam",,"sunflower",2004-05-03,124,74131.5489045828,280.2125,19.5655576,0,,2004-10-29,303,271.605332727273,19.1120022111088,55.1454545454545,1.84432369234765,77.7181818181818,1.73342317172002
2005,"Franklin","dryland","Ottawa",38.539397,-95.2444,"Woodson silt loam","strip-tillage","soybean",2005-04-15,105,54363.1358633607,134.502,14.6741682,13.9567681575,0,2005-09-20,263,146.468728813559,12.9825233518127,56.1097457627119,1.35568738886144,81.0593220338983,1.35533666056506
2005,"Harvey","dryland","Hesston",38.131931,-97.441429,"Smolan silt loam","no-tillage","wheat",2005-04-18,108,44478.9293427497,140.10625,18.09814078,0,0,2005-09-09,252,93.8159962222222,8.21198941315775,57.8738888888889,1.11385840911471,74.2444444444444,2.56034493020299
2005,"Nemaha","dryland","Centralia",39.783792,-96.126213,"Wymore silt loam",,"soybean",2005-04-19,109,56834.1874935135,145.7105,14.6741682,0,0,2005-09-19,262,138.2069140625,8.95907119599339,57.49609375,1.24035340226082,76.81640625,1.55663084203449
2005,"Republic","dryland","Belleville",39.815895,-97.706977,"Crete silt loam",,"soybean",2005-04-28,118,54363.1358633607,201.753,14.6741682,0,0,2005-10-06,279,87.5890719512195,4.5334107874349,56.8060975609756,1.53291777021597,73.7256097560976,1.81985995172773
2005,"Republic","irrigated","Scandia",39.831345,-97.843164,"Crete silt loam",,"soybean",2005-05-02,122,74131.5489045828,246.587,14.6741682,0,,2005-10-25,298,230.507767741935,10.8852388645791,60.7197580645161,0.433039606922283,70.3225806451613,1.28147831574226
2005,"Shawnee","dryland","Topeka",39.11642,-95.80073,"Silty clay loam",,"soybean",2005-04-15,105,54363.1358633607,173.73175,17.1198629,0,0,2005-09-16,259,182.374449152542,14.5597564610218,55.3210169491525,1.02284825856654,75.8516949152542,0.813568454069145
2005,"Shawnee","irrigated","Topeka",39.076368,-95.768895,"Eudora silt loam",,"soybean",2005-04-19,109,64247.3423839718,179.336,17.1198629,0,,2005-09-20,263,180.330421917808,18.7680031462848,55.1787671232877,0.908865203924162,80.3458904109589,1.4604925307128
2005,"Thomas","irrigated","Colby",39.393921,-101.063517,"Keith silt loam",,"sunflower",2005-05-05,125,74131.5489045828,280.2125,24.456947,0,,2005-10-17,290,249.187073770492,17.5424833963524,55.8262295081967,0.917440123267683,74.9180327868852,1.51225639324392
2006,"Finney","irrigated","Garden City",37.989533,-100.81519,"Keith silt loam",,"soybean",2006-05-04,124,74131.5489045828,224.17,0,0,,2006-10-16,289,152.459104477612,25.1090086894666,56.9481343283582,1.3998059486242,73.1791044776119,2.19840074885254
2006,"Franklin","dryland","Ottawa",38.539397,-95.2444,"Woodson silt loam",,"soybean",2006-04-04,94,51892.084233208,134.502,14.6741682,13.9567681575,0,2006-09-01,244,129.447130882353,8.48581357508646,54.6106102941176,1.42557652607059,74.4191176470588,2.08604155257917
2006,"Harvey","dryland","Hesston",38.131931,-97.441429,"Smolan silt loam","no-tillage","wheat",2006-04-13,103,44478.9293427497,140.10625,18.09814078,0,0,2006-09-05,248,66.4156818181818,5.10744845856236,52.6704545454545,1.68499941970241,73.5738636363636,2.41156343759202
2006,"Nemaha","dryland","Centralia",39.783792,-96.126213,"Wymore silt loam",,"soybean",2006-04-17,107,56834.1874935135,175.97345,14.6741682,0,0,2006-09-29,272,133.944466233766,10.8022034394744,56.4256493506494,0.609599388861971,85.7175324675325,0.844243909387123
2006,"Reno","irrigated","Hutchinson",38.060752,-97.930206,"Punkin silt loam",,"soybean",2006-04-27,117,74131.5489045828,224.17,14.6741682,0,,2006-09-27,270,200.431944444444,9.12726247044548,58.149537037037,0.495938474309556,69.3148148148148,1.2142871823773
2006,"Republic","irrigated","Scandia",39.831345,-97.843164,"Crete silt loam",,"soybean",2006-04-20,110,74131.5489045828,246.587,14.6741682,0,,2006-10-09,282,202.780402985075,13.1572718562314,57.6608208955224,0.79520608964677,81.8544776119403,1.04912414203481
2006,"Shawnee","dryland","Topeka",39.11642,-95.80073,"Silty clay loam",,"soybean",2006-04-19,109,54363.1358633607,173.73175,17.1198629,0,0,2006-09-15,258,111.951950655738,8.21853968202926,55.3881147540984,1.0372199075471,75.6393442622951,1.19767534395102
2006,"Shawnee","irrigated","Topeka",39.076368,-95.768895,"Eudora silt loam",,"soybean",2006-04-19,109,64247.3423839718,179.336,17.1198629,0,,2006-09-18,261,215.011388888889,14.5931593375893,57.5402777777778,0.936613952704435,68.3090277777778,1.46345930110068
2006,"Thomas","irrigated","Colby",39.393921,-101.063517,"Keith silt loam",,"soybean",2006-05-01,121,74131.5489045828,257.7955,24.456947,0,,2006-10-24,297,231.3375,16.7525500841524,54.3820833333333,1.45582619436253,78.0541666666667,1.71736622518682
2007,"Finney","irrigated","Garden City",37.989533,-100.81519,"Keith silt loam",,"fallow",2007-05-11,131,74131.5489045828,224.17,0,0,,2007-10-09,282,208.282042253521,15.3713206169399,57.5897887323944,1.11654423385594,65.612676056338,1.21654423646477
2007,"Franklin","dryland","Ottawa",38.539397,-95.2444,"Woodson silt loam",,"soybean",2007-05-17,137,51892.084233208,134.502,14.6741682,13.9567681575,0,2007-09-28,271,110.403872898551,7.84969190856111,58.1851449275362,0.895744830973944,60.4202898550725,1.48861658143164
2007,"Harvey","dryland","Hesston",38.131931,-97.441429,"Smolan silt loam",,"soybean",2007-05-14,134,44478.9293427497,106.48075,18.09814078,0,0,2007-09-17,260,118.559416666667,5.39490123558255,57.8319444444444,1.07632347471484,58.7847222222222,0.934760603866825
2007,"Nemaha","dryland","Centralia",39.783792,-96.126213,"Wymore silt loam",,"soybean",2007-04-20,110,56834.1874935135,179.336,0,0,0,2007-09-26,269,115.512304056604,10.033163362785,57.5139150943396,1.12151088666711,74.6792452830189,2.48297889376497
2007,"Reno","irrigated","Hutchinson",38.060752,-97.930206,"Punkin silt loam",,"soybean",2007-05-01,121,74131.5489045828,224.17,14.6741682,0,,2007-10-09,282,175.244374074074,19.6478742511819,56.4884259259259,0.833238071074977,,
2007,"Republic","dryland","Belleville",39.815895,-97.706977,"Crete silt loam",,"wheat",2007-05-10,130,54363.1358633607,201.753,14.6741682,4.6522560525,0,2007-10-24,297,147.936511904762,15.474420174453,58.7353178571429,0.431005537386706,71.4484126980952,0.827075374427496
2007,"Republic","irrigated","Scandia",39.831345,-97.843164,"Crete silt loam",,"soybean",2007-04-30,120,74131.5489045828,224.17,14.6741682,4.6522560525,,2007-10-24,297,224.719853846154,12.4520060774619,58.6435650769231,0.285235737133137,68.7644401263077,1.08378790230839
2007,"Shawnee","dryland","Topeka",39.11642,-95.80073,"Crete silt loam",,"wheat",2007-05-10,130,54363.1358633607,201.753,14.6741682,4.6522560525,0,2007-10-24,297,174.252191044776,14.0106512138869,56.9981343283582,0.848520475200223,,
2007,"Shawnee","irrigated","Topeka",39.076368,-95.768895,"Eudora silt loam",,"soybean",2007-05-01,121,64247.3423839718,179.336,19.5655576,0,,2007-09-20,263,190.274882608696,11.6812323092169,56.4654534782609,0.809218025895323,65.1390127894565,0.911560693863844
2007,"Thomas","irrigated","Colby",39.393921,-101.063517,"Keith silt loam",,"sunflower",2007-05-03,123,74131.5489045828,257.7955,19.5655576,0,,2007-10-09,282,223.802492307692,14.7306617251341,56.5288461538462,0.857155358847277,73.1923076923077,1.59933762684605
2008,"Finney","irrigated","Garden City",37.989533,-100.81519,"Keith silt loam",,"wheat",2008-05-14,135,74131.5489045828,179.336,0,0,,2008-10-20,294,159.395605479452,9.18672913458276,57.1482876712329,1.23041835116097,72.6164383561644,1.5092781293856
2008,"Franklin","dryland","Ottawa",38.539397,-95.2444,"Woodson silt loam",,"soybean",2008-04-29,120,51892.084233208,123.2935,0,0,0,2008-09-27,271,122.044726122449,11.1494788996027,57.8484693877551,0.77482202531831,70.8775510204082,1.06203721413973
2008,"Harvey","dryland","Hesston",38.131931,-97.441429,"Smolan silt loam",,"wheat",2008-04-22,113,44478.9293427497,123.2935,18.09814078,0,0,2008-09-22,266,142.658775438596,11.2977520322989,55.4286303508772,1.74146331633257,72.2846407231579,1.81747294899632
2008,"Neosho","dryland","Erie",37.567909,-95.243445,"Lanton silt loam",,"flooded",2008-05-20,141,61776.290753819,196.14875,36.6854205,0,0,2008-10-10,284,189.141320930233,18.0155795399104,53.756976744186,0.599784822065066,56.6976744186046,1.34469652658722
2008,"Reno","irrigated","Hutchinson",38.060752,-97.930206,"Punkin silt loam",,"soybean",2008-05-14,135,74131.5489045828,100.8765,0,0,,2008-10-11,285,144.795998245614,18.295345476548,56.834649122807,0.513191049471973,62.5745614035088,1.1914547982785
2008,"Republic","dryland","Belleville",39.815895,-97.706977,"Crete silt loam",,"soybean",2008-05-08,129,54363.1358633607,201.753,14.6741682,9.304512105,0,2008-10-20,294,177.689660416667,11.9948610074471,58.33611125,0.84270858805989,70.038385998125,1.90622290274253
2008,"Shawnee","dryland","Topeka",39.11642,-95.80073,"Silty clay loam",,"soybean",2008-05-13,134,54363.1358633607,100.8765,0,0,0,2008-10-03,277,162.092007042254,13.4103513829144,55.1120897183099,0.750707405350774,57.0796545847887,1.0892038055936
2008,"Shawnee","irrigated","Topeka",39.076368,-95.768895,"Eudora silt loam",,"soybean",2008-05-13,134,54363.1358633607,100.8765,0,0,,2008-10-03,277,200.826146153846,13.8720676924652,58.2801282051282,0.723765843582713,69.4935897435897,1.17673218478065
2008,"Thomas","irrigated","Colby",39.393921,-101.063517,"Keith silt loam",,"soybean",2008-05-08,129,74131.5489045828,280.2125,29.3483364,0,,2008-10-28,302,260.857178481013,13.0263444276635,54.1180379746835,1.22578426431489,73.0474683544304,1.09491536770988
2009,"Finney","irrigated","Garden City",37.989533,-100.81519,"Keith silt loam",,"soybean",2009-05-21,141,74131.5489045828,224.17,0,0,294.64,2009-11-05,309,194.350014634146,15.4868298497394,54.955487804878,1.45443838167781,65.1219512195122,1.68738143214893
2009,"Franklin","dryland","Ottawa",38.539397,-95.2444,"Woodson silt loam",,"soybean",2009-05-19,139,54363.1358633607,173.73175,17.1198629,0,0,2009-11-10,314,107.547061296296,24.7730582280215,56.0273611111111,0.898358620751194,61.8240740740741,1.24160352575378
2009,"Harvey","dryland","Hesston",38.131931,-97.441429,"Smolan silt loam",,"soybean",2009-05-20,140,44478.9293427497,134.502,18.09814078,0,0,2009-10-07,280,119.849472948718,13.9318041916075,57.3230765384615,1.13296801491381,0,0
2009,"Reno","irrigated","Hutchinson",38.060752,-97.930206,"Punkin silt loam",,"soybean",2009-05-21,141,74131.5489045828,201.753,0,0,,2009-11-06,310,202.925788571429,16.4850642813029,57.5228571428571,1.04130453088922,59.9785714285714,1.15741126672248
2009,"Republic","dryland","Belleville",39.815895,-97.706977,"Crete silt loam",,"soybean",2009-04-23,113,54363.1358633607,201.753,14.6741682,0,0,2009-11-09,313,214.638397142857,20.6641460890381,58.4666668571429,0.38670694517388,76.8285714282857,1.40812634205976
2009,"Republic","irrigated","Scandia",39.831345,-97.843164,"Crete silt loam",,"corn",2009-05-01,121,74131.5489045828,224.17,14.6741682,9.304512105,,2009-11-05,309,254.436104938272,14.57716635443,58.0905345679012,1.14428830482537,72.0370370371605,1.86934331917259
2009,"Shawnee","dryland","Topeka",39.11642,-95.80073,"Silty clay loam",,"soybean",2009-05-14,134,54363.1358633607,173.73175,17.1198629,0,0,2009-11-07,311,185.788164285714,13.0773678905397,56.0457142857143,0.665705148061695,0,0
2009,"Shawnee","irrigated","Topeka",39.076368,-95.768895,"Eudora silt loam",,"soybean",2009-05-08,128,64247.3423839718,181.5777,24.456947,0,0,2009-10-01,274,198.4121171875,19.2387052297116,59.0053934375,0.788164747338224,60.6692163821875,1.81279624553058
2009,"Thomas","irrigated","Colby",39.393921,-101.063517,"Keith silt loam",,"soybean",2009-05-11,131,74131.5489045828,308.23375,29.3483364,0,276.86,2009-11-10,314,259.307991666667,12.7036565788347,53.68125,1.52674080969888,70.78125,2.02338569578641
2010,"Finney","irrigated","Garden City",37.989533,-100.81519,"Keith silt loam",,"soybean",2010-05-25,145,74131.5489045828,224.17,0,0,,2010-10-13,286,150.67419,15.9745955307402,58.0345833333333,1.39364547313951,58.975,1.38752004108293
2010,"Franklin","dryland","Ottawa",38.539397,-95.2444,"Woodson silt loam",,"soybean",2010-05-05,125,56834.1874935135,89.668,0,0,0,2010-09-30,273,85.952645625,12.0733381154971,56.1234375,0.920501649259969,66.9609375,1.10917975905767
2010,"Neosho","dryland","Erie",37.567909,-95.243445,"Lanton silt loam",,"soybean",2010-04-13,103,61776.290753819,196.14875,24.456947,23.2612802625,0,2010-09-08,251,188.405434210526,17.7211528341403,56.5651973684211,0.933548407374683,71.9473684210526,1.53798514070516
2010,"Reno","irrigated","Hutchinson",38.060752,-97.930206,"Punkin silt loam",,"soybean",2010-04-28,118,74131.5489045828,201.753,0,0,,2010-09-20,263,194.564552777778,14.9546372751202,57.8826388888889,1.24800290386033,0,
2010,"Republic","dryland","Belleville",39.815895,-97.706977,"Crete silt loam","no-tillage","soybean",2010-05-05,125,54363.1358633607,224.17,9.7827788,0,0,2010-10-01,274,185.040672727273,17.7930411498476,55.4202021212121,1.61279447210959,0,0
2010,"Republic","irrigated","Scandia",39.831345,-97.843164,"Crete silt loam",,"soybean",2010-04-28,118,74131.5489045828,224.17,9.7827788,0,,2010-10-01,274,223.659916129032,9.63530837253453,58.4806451612903,1.23541433338387,0,0
2010,"Shawnee","dryland","Topeka",39.11642,-95.80073,"Silty clay loam",,"soybean",2010-04-20,110,54363.1358633607,173.73175,17.1198629,0,0,2010-09-21,264,132.311904761905,14.9063266545508,56.0714285714286,1.33101569767469,78.5833333333333,1.61704588629203
2010,"Shawnee","irrigated","Topeka",39.076368,-95.768895,"Eudora silt loam",,"soybean",2010-04-20,110,64247.3423839718,179.336,29.3483364,65.131584735,103.632,2010-09-20,263,190.290909090909,15.4404728833657,56.6945454545455,1.34731120189341,76.2,1.11430097669645
2010,"Thomas","irrigated","Colby",39.393921,-101.063517,"Keith silt loam",,"sunflower",2010-05-03,123,74131.5489045828,308.23375,31.7940311,0,,2010-10-12,285,252.072526,16.5760521246128,56.51785,1.1743669603889,75.96,1.26708729142141
2011,"Finney","irrigated","Garden City",37.989533,-100.81519,"Keith silt loam",,"soybean",2011-05-13,133,74131.5489045828,224.17,0,0,,2011-10-20,293,165.938910638298,18.6170459700154,57.9617021276596,1.04305220834971,0,0
2011,"Franklin","dryland","Ottawa",38.539397,-95.2444,"Woodson silt loam",,"soybean",2011-05-17,137,56834.1874935135,134.502,19.5655576,0,0,2011-10-20,293,24.8277976190476,9.64877429980258,57.4697619047619,1.26000917165698,69.1964285714286,3.76137936649256
2011,"Reno","irrigated","Hutchinson",38.060752,-97.930206,"Punkin silt loam",,"soybean",2011-04-29,119,74131.5489045828,201.753,0,0,,2011-09-07,250,145.225396551724,13.6220402783725,57.9637931034483,0.742184016492924,0,0
2011,"Republic","dryland","Belleville",39.815895,-97.706977,"Crete silt loam",,"soybean",2011-05-17,137,59305.2391236663,190.5445,9.7827788,0,0,2011-10-30,303,173.216129032258,14.4341275036833,59.3193548387097,1.02490922583696,67.2956989248387,1.1244992223652
2011,"Republic","irrigated","Scandia",39.831345,-97.843164,"Crete silt loam",,"soybean",2011-05-03,123,74131.5489045828,246.587,9.7827788,0,,2011-10-24,297,208.558725396825,16.0937774971488,59.0142857142857,1.09350828467991,69.3174603173016,0.989965010998122
2011,"Shawnee","dryland","Topeka",39.11642,-95.80073,"Silty clay loam",,"soybean",2011-04-20,110,54363.1358633607,179.336,0,0,0,2011-09-06,249,68.4795357142857,13.3886778261194,50.0876785714286,1.40728704502336,75.3333333333333,1.77178656792415
2012,"Finney","irrigated","Garden City",37.989533,-100.81519,"Keith silt loam",,"wheat",2012-04-26,117,74131.5489045828,224.17,0,0,,2012-10-04,278,156.266914666667,24.7698942062628,57.3741666666667,1.09695231369968,0,0
2012,"Franklin","dryland","Ottawa",38.539397,-95.2444,"Woodson silt loam",,"soybean",2012-04-16,107,56834.1874935135,134.502,19.5655576,12.0958657365,0,2012-08-28,241,15.2247785666667,7.5840419992639,52.7394446666667,1.125786696302,69.6111111116667,2.79447091422227
2012,"Neosho","dryland","Erie",37.567909,-95.243445,"Lanton silt loam",,"soybean",2012-04-25,116,61776.290753819,196.14875,12.2284735,23.2612802625,0,2012-08-22,235,145.447505813953,15.5063988777535,55.4727325581395,0.881592480555427,58.1802325581395,1.60479710684959
2012,"Reno","irrigated","Hutchinson",38.060752,-97.930206,"Punkin silt loam",,"soybean",2012-04-26,117,74131.5489045828,212.9615,0,0,,2012-09-19,263,119.859412444444,13.9734541936293,59.7927777777778,1.27401501862292,0,0
2012,"Shawnee","dryland","Topeka",39.11642,-95.80073,"Silty clay loam",,"soybean",2012-04-20,111,54363.1358633607,168.1275,0,0,,2012-08-30,243,69.3375,14.3197554189525,51.4524166666667,0.941660419824666,65.1333333333333,1.81437427863947
2012,"Shawnee","irrigated","Topeka",39.076368,-95.768895,"Eudora silt loam",,"corn",2012-04-11,102,64247.3423839718,192.7862,54.78356128,111.65414526,,2012-08-30,243,211.7930625,19.7857160783524,56.32475,1.42535283531068,68.05625,1.5164562054596
2012,"Thomas","irrigated","Colby",39.393921,-101.063517,"Keith silt loam",,"sunflower",2012-04-30,121,74131.5489045828,269.004,31.7940311,0,,2012-10-11,285,214.166750980392,19.8968842135885,55.5774509803922,1.46341428602738,75.1960784313726,1.90086409659541
2013,"Finney","irrigated","Garden City",37.989533,-100.81519,"Keith silt loam",,"wheat",2013-05-06,126,74131.5489045828,224.17,0,0,,2013-10-03,276,119.071878,16.3374976637053,55.5970909090909,1.58233424353047,73.7454545454545,1.82224608878187
2013,"Franklin","dryland","Ottawa",38.539397,-95.2444,"Woodson silt loam",,"soybean",2013-05-14,134,56834.1874935135,134.502,19.5655576,12.0958657365,0,2013-10-02,275,141.036111111111,17.3341402980302,56.8693518518519,1.19638288840551,0,0
2013,"Saline","dryland","Assaria",38.680272,-97.604398,"Smolan silt loam",,"sorghum",2013-05-15,135,56834.1874935135,201.753,0,0,0,2013-10-01,274,128.218836086957,23.5074954825428,58.5326086956522,1.16771033686871,0,0
2013,"Shawnee","dryland","Topeka",39.11642,-95.80073,"Silty clay loam",,"soybean",2013-05-13,133,54363.1358633607,162.52325,0,0,0,2013-09-27,270,99.8257575757576,38.0596020729989,55.8095454545455,0.672744627482686,63.9924242424242,3.92880232251432
2013,"Shawnee","irrigated","Topeka",39.076368,-95.768895,"Eudora silt loam",,"soybean",2013-04-29,119,64247.3423839718,179.336,0,0,,2013-09-20,263,238.066447368421,16.7980043018265,57.4957894736842,1.2760794457157,69.6315789473684,1.22851377208131
2014,"Franklin","dryland","Ottawa",38.539397,-95.2444,"Woodson silt loam",,"soybean",2014-05-17,137,56834.1874935135,134.502,19.5655576,12.0958657365,0,2014-09-15,258,180.269240740741,8.53738740573391,55.247037037037,1.05600071865803,73.9444444444444,1.32166367574919
2014,"Neosho","dryland","Erie",37.567909,-95.243445,,,"soybean",2014-04-17,107,61776.290753819,224.17,0,0,0,2014-09-15,258,230.976117948718,19.1624085004561,15.34218,1.18106943134512,66.5961538461538,0.904330561897687
2014,"Reno","irrigated","Hutchinson",38.060752,-97.930206,,,"soybean",2014-05-07,127,74131.5489045828,112.085,0,0,274.32,2014-09-30,273,155.807917857143,14.7549364219339,58.7897321428571,0.998587374809972,65.0535714285714,0.988242569728392
2014,"Republic","dryland","Belleville",39.815895,-97.706977,,,"soybean",2014-05-06,126,54363.1358633607,156.919,0,0,0,2014-11-10,314,167.78274047619,14.4225775710754,59.0761904761905,1.21008153803269,0,0
2014,"Republic","irrigated","Scandia",39.212194,-96.591568,,,"soybean",2014-05-06,126,74131.5489045828,196.14875,0,0,,2014-10-31,304,201.134175510204,13.7063957554726,59.5020408163265,1.38481193005861,0,0
2014,"Saline","dryland","Assaria",38.680272,-97.604398,"Smolan silt loam",,"wheat",2014-05-07,127,44478.9293427497,134.502,0,0,0,2014-10-18,291,111.931243636364,13.0758188708934,58.7886363636364,1.23661728159377,0,0
2014,"Shawnee","dryland","Topeka",39.11642,-95.80073,"Silty clay loam",,"soybean",2014-04-22,112,54363.1358633607,134.502,25.43522488,0,0,2014-10-06,279,195.327460606061,16.7560751356027,64.0090909090909,0.981624494257999,75.5757575757576,0.581232689543473
2014,"Shawnee","irrigated","Topeka",39.076368,-95.768895,"Eudora silt loam",,"soybean",2014-04-18,108,64247.3423839718,219.6866,25.43522488,55.82707263,,2014-09-09,252,266.403404081633,19.7987151046471,54.4154081632653,1.37136302585492,71.3367346938775,1.10107785781914
2014,"Thomas","irrigated","Colby",39.393921,-101.063517,,,"sunflower",2014-05-01,121,74131.5489045828,257.7955,22.0112523,0,341.376,2014-10-28,301,280.815452941176,20.2438016313447,57.5150735294118,1.54002318032708,79.1838235294118,2.10816308768512
2015,"Finney","irrigated","Garden City",37.989533,-100.81519,"Keith silt loam",,"wheat",2015-05-13,133,74131.5489045828,224.17,0,0,285.242,2015-10-16,289,226.710506382979,23.020745780816,57.7832446808511,1.08746787994715,72.5744680851064,1.48810034799352
2015,"Franklin","dryland","Ottawa",38.539397,-95.2444,"Woodson silt loam",,"soybean",2015-04-17,107,56834.1874935135,134.502,19.5655576,12.0958657365,0,2015-10-09,282,133.053661764706,9.5548331638231,56.4638970588235,1.40122351719581,80.0441176470588,1.1356325634082
2015,"Republic","dryland","Belleville",39.815895,-97.706977,"Crete silt loam",,"soybean",2015-06-17,168,54363.1358633607,168.1275,0,0,0,2015-11-11,315,149.848914324324,19.6066020770282,57.5392345945946,1.45545855868061,0,0
2015,"Republic","irrigated","Scandia",39.831345,-97.843164,"Crete silt loam",,"soybean",2015-04-29,119,74131.5489045828,224.17,0,0,,2015-10-30,303,237.41045952381,20.6279061941976,60.5841354761905,0.908705030185215,0,0
2015,"Saline","dryland","Assaria",38.680272,-97.604398,"Smolan silt loam",,"soybean",2015-06-10,161,56834.1874935135,201.753,0,0,0,2015-11-24,328,96.0273022222222,9.6714657935549,59.3233333333333,0.589969849294795,0,0
2015,"Shawnee","dryland","Topeka",39.11642,-95.80073,"Silty clay loam",,"soybean",2015-04-22,112,54363.1358633607,168.1275,0,0,0,2015-09-25,268,192.5645,16.3830227585347,59.6257352941176,1.15147279363177,72.7132352941177,0.908987850664667
2015,"Shawnee","irrigated","Topeka",39.076368,-95.768895,"Eudora silt loam",,"soybean",2015-04-21,111,64247.3423839718,201.753,25.43522488,0,,2015-09-17,260,215.573335294118,20.4534320170402,58.4286764705882,0.990525808348953,74.7132352941177,1.80501443054457
2015,"Thomas","irrigated","Colby",39.393921,-101.063517,"Keith silt loam",,"sunflower",2015-04-30,120,74131.5489045828,257.7955,26.9026417,0,,2015-10-13,286,245.569010909091,14.5781737414085,54.8000909090909,1.45691216177848,79.4227272727273,1.52742879393402
2016,"Franklin","dryland","Ottawa",38.539397,-95.2444,"Woodson silt loam",,"soybean",2016-04-12,103,54363.1358633607,156.919,19.5655576,13.9567681575,0,2016-09-22,266,177.493411538462,19.2001010171786,58.1555769230769,1.88858800532201,83.9519230769231,1.56846936656288
2016,"Reno","irrigated","Hutchinson",37.963034,-97.884501,"Punkin silt loam",,"soybean",2016-04-28,119,66718.3940141245,224.17,0,0,,2016-09-19,263,190.382489795918,8.16580657784452,58.7826530612245,0.546084645110857,0,0
2016,"Republic","dryland","Belleville",39.815895,-97.706977,"Crete silt loam",,"soybean",2016-06-08,160,,168.1275,0,0,0,2016-11-15,320,162.484845454545,14.2087531757054,57.8209475,1.49876742406944,0,0
2016,"Republic","irrigated","Scandia",39.831345,-97.843164,"Crete silt loam",,"soybean",2016-06-02,154,,224.17,0,0,,2016-11-02,307,191.760687179487,14.1667044592367,58.7852451282051,2.06599768516311,0,0
2016,"Saline","dryland","Assaria",38.680272,-97.604398,"Smolan silt loam",,"soybean",2016-05-17,138,42007.8777125969,201.753,0,0,0,2016-09-15,259,109.5018790625,11.1248229885485,54.168125,1.24235435960869,0,0
2016,"Shawnee","dryland","Topeka",39.11642,-95.80073,"Silty clay loam",,"soybean",2016-04-11,102,59305.2391236663,217.4449,25.43522488,37.21804842,0,2016-09-23,267,179.797016666667,15.0990646702735,57.2239583333333,2.19983298732005,76.625,1.66322107605276
2016,"Shawnee","irrigated","Topeka",39.076368,-95.768895,"Eudora silt loam",,"soybean",2016-04-11,102,69189.4456442773,218.56575,25.43522488,37.21804842,,2016-09-12,256,225.528444117647,18.982084470893,57.8264705882353,1.60842880674945,75.9705882352941,1.71420613515318
2016,"Thomas","irrigated","Colby",39.393921,-101.063517,"Keith silt loam",,"fallow",2016-05-05,126,71660.49727443,257.7955,24.456947,0,,2016-10-31,305,211.901028571429,22.9612202033645,56.1565974285714,1.15005709389052,71.9285714285714,1.23902747170119
2017,"Franklin","dryland","Ottawa",38.539397,-95.2444,"Woodson silt loam",,"soybean",2017-04-13,103,59305.2391236663,156.919,19.5655576,12.0958657365,0,2017-09-22,265,166.280388571429,7.38878383568323,59.0317857142857,1.22957318207744,0,0
2017,"Neosho","dryland","Erie",37.567909,-95.243445,"Lanton silt loam",,"soybean",2017-06-08,159,54363.1358633607,224.17,0,0,0,2017-10-19,292,158.554578571429,16.0446365564912,58.7125,3.53976419490841,48,1.74270968237312
2017,"Republic","dryland","Belleville",39.815895,-97.706977,"Crete silt loam",,"sorghum",2017-04-24,114,,201.753,0,0,0,2017-10-19,292,193.595744680851,23.2330050680979,59.6742408510638,1.07945786084825,0,0
2017,"Republic","irrigated","Scandia",39.831345,-97.843164,"Crete silt loam",,"soybean",2017-04-27,117,,224.17,0,0,,2017-10-25,298,214.725924444444,19.4763891796657,59.4030884444444,1.20131225607847,0,0
2017,"Saline","dryland","Assaria",38.680272,-97.604398,"Ulysses silt loam",,"soybean",2017-04-18,108,,201.753,0,0,0,2017-09-13,256,113.94353,15.7084643627327,54.6662068965517,2.43361674379205,0,0
2017,"Shawnee","dryland","Kiro",39.094245,-95.797891,"Silty clay loam",,"soybean",2017-04-12,102,56834.1874935135,201.753,0,0,0,2017-09-22,265,202.306708571429,16.1874942087543,59.5785714285714,0.893052079560159,74.2785714285714,1.67131005828493
2017,"Shawnee","irrigated","Topeka",39.076368,-95.768895,"Eudora silt loam",,"soybean",2017-04-12,102,,201.753,0,0,,2017-09-12,255,238.143011904762,13.8368796527428,57.1452380952381,1.1457934477273,75.7321428571429,1.80226217701638
2017,"Thomas","irrigated","Colby",39.393921,-101.063517,"Keith silt loam",,"fallow",2017-05-08,128,,257.7955,24.456947,0,,2017-11-15,319,209.355948979592,30.3884378197402,53.6556469387755,1.73596204965864,73.8826530612245,1.88338544416498
2018,"Franklin","dryland","Ottawa",38.539397,-95.2444,"Woodson silt loam",,"soybean",2018-04-24,114,,156.919,19.5655576,13.9567681575,0,2018-09-17,260,106.240578636364,22.0482158562861,56.7812725909091,12.5128405246433,60.4351165602727,13.1669229477956
2018,"Neosho","dryland","Erie",37.567909,-95.243445,"Lanton silt loam",,"soybean",2018-04-11,101,,252.19125,24.456947,0,0,2018-09-17,260,167.707488235294,21.807522156067,58.4573529411765,0.959115995407782,68.3088235294118,1.34782640922775
2018,"Republic","dryland","Belleville",39.815895,-97.706977,"Crete silt loam",,"sorghum",2018-05-01,121,,201.753,0,0,0,2018-10-19,292,91.892165,26.5540280035015,57.3256617647059,1.32246232753921,,
2018,"Republic","irrigated","Scandia",39.831345,-97.843164,"Crete silt loam",,"soybean",2018-05-07,127,,224.17,0,0,95.25,2018-11-06,310,225.1666675,19.0201549944261,60.3881745,1.31026787705053,,
2018,"Shawnee","dryland","Kiro",39.094245,-95.797891,"Silty clay loam","conventional","soybean",2018-04-23,113,,217.4449,27.39178064,57.687975051,0,2018-08-29,241,110.337528333333,27.1092541073417,52.9881445416667,11.0431182239646,59.8258129957083,12.7133565256493
2018,"Shawnee","irrigated","Topeka",39.076368,-95.768895,"Eudora silt loam","conventional","soybean",2018-04-23,113,,217.4449,27.39178064,39.078950841,,2018-09-10,253,237.229173333333,19.7422732898815,61.4733333333333,0.782374076386928,58.5583333333333,1.6356525289322
2018,"Thomas","irrigated","Colby",39.393921,-101.063517,"Keith silt loam",,"fallow",2018-05-04,124,69189.4456442773,280.2125,14.6741682,0,,2018-10-30,303,159.891775714286,30.1959148853372,54.6395424047619,8.53048745108153,72.4070555551667,11.285477528569
2019,"Franklin","dryland","Ottawa",38.539397,-95.2444,"Woodson silt loam",,"soybean",2019-04-26,116,39536.8260824442,156.919,19.5655576,13.9567681575,0,2019-09-18,261,150.943860294118,29.6535127965341,55.8036359411765,9.68461016609806,74.3532957544412,12.8599923692554
2019,"Republic","irrigated","Scandia",39.831345,-97.843164,"Crete silt loam",,"soybean",2019-05-17,137,,224.17,0,0,,2019-11-05,309,162.644966,40.5975439816248,56.74278215,13.1979157716235,0,0
2019,"Saline","dryland","Assaria",38.680272,-97.604398,"Ulysses silt loam",,"sorghum",2019-05-06,126,,201.753,0,0,0,2019-09-27,270,188.228626428571,52.3568982166887,54.8871428571429,15.8262520119974,0,0
2019,"Shawnee","dryland","Kiro",39.094245,-95.797891,"Silty clay loam",,"soybean",2019-04-24,114,56834.1874935135,201.753,0,0,0,2019-09-20,263,220.778351724138,17.6064513377427,59.1189655172414,0.955801252605769,73.8620689655172,0.642908454438248
2019,"Shawnee","irrigated","Topeka",39.076368,-95.768895,"Eudora silt loam",,"soybean",2019-04-24,114,66718.3940141245,214.08235,27.39178064,40.0094020515,,2019-09-18,261,226.30384547619,33.2628414520171,56.9571876666667,8.72700349114779,72.8107647308571,11.3962365903246
2019,"Thomas","irrigated","Colby",39.393921,-101.063517,"Keith silt loam",,"fallow",2019-05-15,135,,112.085,14.6741682,0,,2019-10-24,297,133.752807894737,28.8014923461196,55.9147368421053,1.60662234005607,70.5131578947368,2.6319005651421
2020,"Franklin","dryland","Ottawa",38.539397,-95.2444,"Woodson silt loam","conventional","soybean",2020-04-21,112,59305.2391236663,156.919,23.47866912,28.8439875255,0,2020-09-21,265,164.787639375,42.2365993743594,53.0821059375,14.1008205842035,0,0
2020,"Republic","dryland","Belleville",39.815895,-97.706977,"Crete silt loam","no-tillage","soybean",2020-04-29,120,61776.290753819,156.919,0,0,0,2020-10-01,275,195.308776190476,23.5529870407748,58.9587295238095,1.1674713304466,,
2020,"Republic","irrigated","Scandia",39.831345,-97.843164,"Crete silt loam","no-tillage","soybean",2020-04-21,112,79073.6521648883,201.753,0,0,95.25,2020-10-09,283,221.584445,22.8521253080361,59.34,0.885661764017227,,
2020,"Shawnee","dryland","Kiro",39.094245,-95.797891,"Silty clay loam","no-tillage","soybean",2020-04-21,112,59305.2391236663,201.753,0,0,0,2020-10-14,288,210.113352631579,24.4203548728507,60.5184210526316,1.04339330582637,0,0
2020,"Shawnee","irrigated","Topeka",39.076368,-95.768895,"Eudora silt loam","no-tillage","soybean",2020-04-20,111,71660.49727443,212.9615,0,0,,2020-09-01,245,214.137225,27.7005851365497,57.35,1.26608077400922,0,0
2021,"Franklin","dryland","Ottawa",38.539397,-95.2444,"Woodson silt loam",,,2021-06-07,158,,191.66535,22.98953018,28.8439875255,0,,,158.9764125,12.354491341148,54.47984375,1.64582539291334,,
2021,"Labette","dryland","Parsons",37.367989,-95.286321,"Parsons silt loam",,,2021-04-09,99,,201.753,22.50039124,55.82707263,0,,,131.225346153846,12.5600309559565,56.1496153846154,1.37328214368128,,
2021,"Republic","dryland","Belleville",39.815895,-97.706977,"Crete silt loam",,,2021-05-07,127,,179.336,,0,0,,,217.489675,12.5255081712214,59.279166875,0.88684902573639,,
2021,"Republic","irrigated","Scandia",39.831345,-97.843164,"Crete silt loam",,,2021-04-30,120,,224.17,0,0,254,,,216.964968421053,21.9225285833002,59.95965,1.34928300359446,,
2021,"Shawnee","dryland","Kiro",39.094245,-95.797891,"Silty clay loam",,,2021-04-27,117,,201.753,0,0,,,,224.11756875,13.5926663789814,59.8140625,1.15126628652975,,
2021,"Shawnee","irrigated","Topeka",39.076368,-95.768895,"Eudora silt loam",,,2021-04-27,117,,201.753,0,0,,,,242.445733333333,14.4934232195582,58.3583333333333,0.967248766056901,,
2021,"Thomas","irrigated","Colby",39.393921,-101.063517,"Keith silt loam",,,2021-05-06,126,,263.39975,29.3483364,0,312.42,,,274.064282352941,24.7726317768277,53.6691176470588,3.02735612544909,73.7352941176471,1.92935908285322
