"year","county","water_regime","site","soil","tillage","predecessor","planting_date","planting_date_DOY","density_pl_ha","nitrogen_kg_ha","phosphorus_kg_ha","potassium_kg_ha","irrigation_mm","harvest_date","harvest_date_DOY","mean_yield","sd_yield","mean_maturity"
1991,"Finney","irrigated","Garden City","Silt Loam",,,1991-05-30,150,430663.221360896,168.1275,0,0,508,,,59.8518518518519,3.28746853005905,NaN
1991,"Republic","irrigated","Scandia","Silt Loam",,,1991-05-14,134,430663.221360896,0,0,0,213.36,,,55.2816666666667,5.60016621020492,NaN
1991,"Shawnee","irrigated","Topeka","Silt Loam",,,1991-05-13,133,344530.577088717,0,0,0,377.444,,,67.38,5.54207493585161,NaN
1991,"Thomas","irrigated","Colby","Silt Loam",,,1991-05-21,141,387596.899224806,56.0425,19.5655576,0,355.6,,,74.1613636363636,4.29798308074472,NaN
1992,"Finney","irrigated","Garden City","Silt Loam",,,1992-05-26,147,430663.221360896,0,0,0,304.8,,,40.0871794871795,9.4661218504723,NaN
1992,"Franklin","dryland","Ottawa","Silt Loam",,,1992-06-19,171,344530.577088717,0,0,0,0,,,44.6694444444444,4.11805821070942,NaN
1992,"Republic","dryland","Belleville","Silt Loam",,,1992-05-29,150,301464.254952627,11.2085,16.63072396,0,0,,,57.2088235294118,2.78615273429572,NaN
1992,"Republic","irrigated","Scandia","Silt Loam",,,1992-05-15,136,430663.221360896,11.2085,16.63072396,0,0,,,57.115873015873,2.93594005109351,NaN
1992,"Shawnee","irrigated","Topeka","Silt Loam",,,1992-05-18,139,344530.577088717,0,0,0,119.38,,,57.989156626506,5.51054448303969,NaN
1993,"Finney","irrigated","Garden City","Silt Loam",,,1993-05-20,140,430663.221360896,0,0,0,609.6,,,47.4738,7.00208945200485,NaN
1993,"Franklin","dryland","Ottawa","Silt Loam",,,1993-06-15,166,344530.577088717,0,0,0,0,,,29.850826446281,3.33423394169657,NaN
1993,"Republic","dryland","Belleville","Silt Loam",,,1993-05-30,150,344530.577088717,0,0,0,0,,,55.2386111111111,3.29106769716176,NaN
1993,"Shawnee","irrigated","Topeka","Silt Loam",,,1993-05-20,140,344530.577088717,0,0,0,42.672,,,50.0194680851064,6.9734421495377,NaN
1994,"Finney","irrigated","Garden City","Silt Loam",,,1994-05-11,131,430663.221360896,0,0,0,,,,56.759,8.06233357731274,NaN
1994,"Franklin","dryland","Ottawa","Silt Loam",,,1994-06-16,167,344530.577088717,0,0,0,0,,,45.0039097744361,3.1205542520973,NaN
1994,"Republic","dryland","Belleville","Silt Loam",,,1994-05-10,130,344530.577088717,0,0,0,0,,,30.7474509803922,2.43979166580858,NaN
1994,"Republic","irrigated","Scandia","Silt Loam",,,1994-05-09,129,430663.221360896,0,0,0,304.8,,,70.9789655172414,6.22110096017456,NaN
1994,"Thomas","irrigated","Colby","Silt Loam",,,1994-05-19,139,387596.899224806,50.43825,3.42397258,0,381,,,70.5672413793103,4.78699271579598,NaN
1995,"Finney","irrigated","Garden City","Silt Loam",,,1995-06-02,153,430663.221360896,0,0,0,1016,,,34.621875,4.90998490106878,NaN
1995,"Franklin","dryland","Ottawa","Silt Loam",,,1995-06-19,170,344530.577088717,0,0,0,0,,,32.7141481481481,5.71224625618689,NaN
1995,"Republic","dryland","Belleville","Silt Loam",,,1995-06-13,164,473729.543496985,11.2085,16.63072396,0,0,,,42.5018032786885,7.52008034269952,NaN
1995,"Republic","irrigated","Scandia","Silt Loam",,,1995-06-09,160,516795.865633075,11.2085,16.63072396,0,457.2,,,55.441875,4.01287288728709,NaN
1995,"Shawnee","irrigated","Topeka","Silt Loam",,,1995-05-30,150,344530.577088717,0,0,0,360.426,,,56.120947368421,5.37118119139705,NaN
1995,"Thomas","irrigated","Colby","Silt Loam",,,1995-06-14,165,387596.899224806,5.60425,7.3370841,0,381,,,35.0355555555556,3.99585459798702,NaN
1996,"Finney","irrigated","Garden City","Silt Loam",,,1996-05-15,136,430663.221360896,0,0,0,406.4,,,47.2388095238095,13.1948478863275,NaN
1996,"Franklin","dryland","Ottawa","Silt Loam",,,1996-05-24,145,344530.577088717,0,0,0,0,,,51.2363333333333,4.95153238112691,NaN
1996,"Republic","dryland","Belleville","Silt Loam",,,1996-05-21,142,430663.221360896,33.6255,14.6741682,0,0,,,61.852380952381,10.8817557754142,NaN
1996,"Republic","irrigated","Scandia","Silt Loam",,,1996-05-20,141,430663.221360896,33.6255,14.6741682,0,109.22,,,60.11,10.3731851278655,NaN
1996,"Thomas","irrigated","Colby","Silt Loam",,,1996-05-21,142,,6.7251,9.7827788,0,177.8,,,51.9738095238095,6.2080113371276,NaN
1997,"Finney","irrigated","Garden City","Silt Loam",,,1997-05-13,133,430663.221360896,20.1753,22.50039124,0,332.74,,,49.1834042553191,11.8374257771138,NaN
1997,"Franklin","dryland","Ottawa","Silt Loam",,,1997-06-09,160,344530.577088717,0,0,0,0,,,44.0025714285714,6.24009584932725,NaN
1997,"Republic","dryland","Belleville","Silt Loam",,,1997-05-13,133,430663.221360896,0,0,0,0,,,34.5642857142857,9.9557904555324,NaN
1997,"Republic","irrigated","Scandia","Silt Loam",,,1997-05-13,133,516795.865633075,0,0,0,215.9,,,66.1203125,12.6706349634493,NaN
1997,"Shawnee","irrigated","Topeka","Silt Loam",,,1997-05-14,134,301464.254952627,0,0,0,129.54,,,64.4234065934066,10.9616356463785,NaN
1997,"Thomas","irrigated","Colby","Silt Loam",,,1997-05-20,140,,33.6255,13.69589032,0,330.2,,,66.0036363636364,19.6997794392909,NaN
1998,"Finney","irrigated","Garden City","Silt Loam",,,1998-05-18,138,430663.221360896,0,0,0,381,,,38.8014634146341,9.57332558753112,NaN
1998,"Franklin","dryland","Ottawa","Silt Loam",,,1998-05-14,134,344530.577088717,0,0,0,0,,,42.28384,4.01029215893306,NaN
1998,"Republic","dryland","Belleville","Silt Loam",,,1998-05-14,134,430663.221360896,33.6255,14.6741682,0,0,,,37.2971698113208,4.81128416304137,NaN
1998,"Republic","irrigated","Scandia","Silt Loam",,,1998-05-12,132,516795.865633075,33.6255,14.6741682,0,195.58,,,61.1723076923077,4.31106382254442,NaN
1998,"Shawnee","irrigated","Topeka","Silt Loam",,,1998-05-05,125,301464.254952627,0,0,0,190.5,,,60.1881553398058,5.82879864317612,NaN
1998,"Thomas","irrigated","Colby","Silt Loam",,,1998-05-19,139,387596.899224806,33.6255,7.3370841,0,228.6,,,66.3374509803922,5.08398931672255,NaN
1999,"Franklin","dryland","Ottawa","Silt Loam",,,1999-06-09,160,344530.577088717,0,0,0,0,,,40.3184251968504,3.3337919744465,NaN
1999,"Greeley","dryland","Tribune","Silt Loam",,,1999-06-01,152,344530.577088717,89.668,0,0,0,,,24.0725,3.83354600859309,NaN
1999,"Harvey","dryland","Hesston","Silt Loam",,,1999-05-13,133,344530.577088717,0,0,0,0,,,18.4404255319149,4.73430330396826,NaN
1999,"Republic","dryland","Belleville","Silt Loam",,,1999-05-27,147,430663.221360896,0,0,0,0,,,44.395,5.26202784457067,NaN
1999,"Republic","irrigated","Scandia","Silt Loam",,,1999-05-22,142,516795.865633075,0,0,0,203.2,,,71.4841747572816,3.13304416404658,NaN
1999,"Shawnee","irrigated","Topeka","Silt Loam",,,1999-05-19,139,301464.254952627,0,0,0,228.6,,,63.8867857142857,7.68088879221361,NaN
1999,"Thomas","irrigated","Colby","Silt Loam",,,1999-05-21,141,387596.899224806,6.7251,9.7827788,0,228.6,,,68.9207843137255,6.51021807411618,NaN
2000,"Finney","irrigated","Garden City","Silt Loam",,,2000-05-19,140,495262.70456503,0,0,0,406.4,,,51.8606060606061,10.6197331385837,NaN
2000,"Franklin","dryland","Ottawa","Silt Loam",,,2000-05-16,137,322997.416020672,0,0,0,0,,,14.05859375,2.30721317882831,NaN
2000,"Greeley","dryland","Tribune","Silt Loam",,,2000-05-12,133,344530.577088717,112.085,0,0,0,,,11.5928571428571,1.2633680782333,NaN
2000,"Harvey","dryland","Hesston","Ladysmith silty clay loam",,,2000-05-05,126,344530.577088717,0,0,0,0,,,18.9617283950617,3.2732082083651,NaN
2000,"Republic","irrigated","Scandia","Silt Loam",,,2000-05-04,125,430663.221360896,0,0,0,330.2,,,61.2563829787234,10.2771754467645,NaN
2000,"Shawnee","irrigated","Topeka","Silt Loam",,,,,301464.254952627,0,0,0,262.382,,,40.5225225225225,4.84232635084878,NaN
2000,"Thomas","irrigated","Colby","Keith silt loam",,,2000-05-15,136,301464.254952627,10.08765,14.6741682,0,381,,,47.6792452830189,4.94272419788638,NaN
2001,"Finney","irrigated","Garden City","Elysses silt loam",,,2001-06-06,157,430663.221360896,0,0,0,406.4,,,50.473606557377,7.35060995944937,2001-10-03
2001,"Franklin","dryland","Ottawa","Silt Loam",,,2001-05-25,145,344530.577088717,0,0,0,0,,,29.2527272727273,5.41221416968281,2001-10-04
2001,"Greeley","dryland","Tribune","Silt Loam",,,2001-05-23,143,344530.577088717,112.085,7.3370841,0,0,,,17.2808333333333,5.22331914387661,2001-09-21
2001,"Harvey","dryland","Hesston","Irwin silty clay loam",,,2001-05-22,142,344530.577088717,0,0,0,0,,,19.7427777777778,3.57602234853834,2001-10-11
2001,"Republic","irrigated","Scandia","Silt Loam",,,2001-05-15,135,430663.221360896,0,0,0,355.6,,,62.6436559139785,5.0866788483651,2001-10-05
2001,"Shawnee","irrigated","Topeka","Silt Loam",,,2001-05-14,134,344530.577088717,13.4502,19.5655576,0,124.46,,,65.3238461538461,5.38452304072221,2001-10-05
2001,"Thomas","irrigated","Colby","Keith silt loam",,,2001-05-15,135,387596.899224806,56.0425,14.6741682,0,584.2,,,63.4608888888889,5.89429455344983,2001-09-26
2002,"Finney","irrigated","Garden City","Ulysses silt loam",,,2002-05-07,127,430663.221360896,0,0,0,609.6,,,53.4573170731707,10.1796439093885,2002-09-23
2002,"Franklin","dryland","Ottawa","Woodson silt loam",,,2002-05-22,142,344530.577088717,0,0,116.3064013125,0,2002-09-30,273,13.40504,3.03226350672127,2002-09-19
2002,"Harvey","dryland","Hesston","Ladysmith silty clay loam",,,2002-06-11,162,344530.577088717,0,0,0,0,2002-10-10,283,21.1171875,3.18568348488562,2002-09-30
2002,"Republic","irrigated","Scandia","Crete silt loam",,,2002-05-08,128,430663.221360896,11.2085,16.63072396,0,330.2,2002-10-10,283,61.7353623188406,7.44989292850617,2002-10-06
2002,"Shawnee","irrigated","Topeka","Eudora silt loam",,,2002-05-20,140,344530.577088717,11.2085,19.5655576,0.9304512105,228.6,2002-10-01,274,53.6863793103448,5.23800682247206,2002-09-29
2002,"Thomas","irrigated","Colby","Keith silt loam",,,2002-05-15,135,387596.899224806,56.0425,17.1198629,0,635,2002-10-07,280,59.9397222222222,5.80153205682337,2002-09-27
2003,"Finney","irrigated","Garden City","Ulysses silt loam",,,2003-05-08,128,430663.221360896,0,0,0,711.2,2003-10-09,282,47.2847222222222,6.78855022860914,2003-09-15
2003,"Harvey","dryland","Hesston","Irwin silty clay loam","no-tillage",,2003-06-14,165,344530.577088717,0,0,0,0,2003-11-12,316,20.5120588235294,4.15560098885561,2003-10-25
2003,"Republic","irrigated","Scandia","Crete silt loam",,,2003-05-14,134,430663.221360896,11.2085,16.63072396,0,215.9,2003-10-11,284,65.0086885245902,5.78279127394659,2003-10-08
2003,"Shawnee","irrigated","Topeka","Eudora silt loam",,,2003-05-15,135,344530.577088717,11.2085,19.5655576,0.9304512105,266.7,2003-10-08,281,49.7485365853659,5.5493777032841,2003-09-26
2003,"Thomas","irrigated","Colby","Keith silt loam",,,2003-05-13,133,387596.899224806,56.0425,7.3370841,0,482.6,2003-10-06,279,60.0535714285714,5.11006502407401,2003-09-26
2004,"Finney","irrigated","Garden City","Ulysses silt loam",,,2004-05-10,131,430663.221360896,0,0,0,419.1,2004-10-09,283,47.7345897435897,8.60124163533183,2004-09-16
2004,"Franklin","dryland","Ottawa","Woodson silt loam",,,2004-06-01,153,344530.577088717,0,0,0,0,2004-10-25,299,60.3702197802198,3.69740028128533,2004-10-06
2004,"Harvey","dryland","Hesston","Ladysmith silty clay loam",,,2004-06-26,178,344530.577088717,0,0,0,0,2004-10-25,299,28.021320754717,2.44897077104762,2004-10-04
2004,"Nemaha","dryland","Centralia","Wymore silt loam",,,2004-05-24,145,344530.577088717,0,0,0,0,2004-10-15,289,40.010375,2.57073719602231,2004-09-24
2004,"Reno","irrigated","Hutchinson","Silt Loam",,,2004-05-04,125,344530.577088717,8.9668,18.09814078,27.913536315,185.42,2004-10-05,279,60.255,4.57376212761442,2004-09-25
2004,"Republic","dryland","Belleville","Crete silt loam",,,2004-05-28,149,430663.221360896,0,0,0,0,2004-10-14,288,37.385,4.42473435789438,2004-09-29
2004,"Republic","irrigated","Scandia","Crete silt loam",,,2004-05-19,140,430663.221360896,11.2085,14.6741682,0,152.4,2004-10-18,292,65.9283333333333,4.2811577626406,2004-09-29
2004,"Shawnee","irrigated","Topeka","Eudora silt loam",,,2004-05-06,127,344530.577088717,12.32935,19.5655576,0,25.4,2004-10-20,294,57.7206666666667,7.39482129479692,2004-09-20
2004,"Thomas","irrigated","Colby","Keith silt loam",,,2004-05-20,141,387596.899224806,56.0425,14.6741682,0,431.8,2004-10-18,292,56.1363636363636,6.02868503821881,2004-10-03
2005,"Franklin","dryland","Ottawa","Woodson silt loam",,,2005-05-25,145,344530.577088717,0,0,0,0,2005-10-25,298,58.0413793103448,4.13813719815206,2005-09-30
2005,"Harvey","dryland","Hesston","Ladysmith silty clay loam",,,2005-06-07,158,344530.577088717,15.6919,18.09814078,0,0,2005-10-18,291,39.8274468085106,3.17494913898674,2005-10-06
2005,"Nemaha","dryland","Centralia","Wymore silt loam",,,2005-05-19,139,344530.577088717,0,0,0,0,2005-10-08,281,58.2461971830986,3.17739172736614,2005-09-29
2005,"Republic","dryland","Belleville","Crete silt loam",,,2005-05-18,138,430663.221360896,0,0,0,0,2005-10-17,290,52.6402631578947,5.30827782264547,2005-09-27
2005,"Republic","irrigated","Scandia","Crete silt loam",,,2005-05-10,130,516795.865633075,0,0,0,142.24,2005-10-24,297,79.4321052631579,3.14175436479713,2005-09-27
2005,"Shawnee","dryland","Topeka","Eudora silt loam",,,2005-05-23,143,301464.254952627,12.32935,18.58727972,0,0,2005-10-18,291,51.119,4.42623331467425,2005-09-27
2005,"Shawnee","irrigated","Topeka","Eudora silt loam",,,2005-05-18,138,301464.254952627,12.32935,18.58727972,0,91.44,2005-10-17,290,56.5396296296296,7.1960751784181,2005-09-28
2005,"Thomas","irrigated","Colby","Keith silt loam",,,2005-05-16,136,387596.899224806,17.9336,12.2284735,0,381,2005-09-04,247,67.6573684210526,9.12349399572655,2005-09-23
2006,"Finney","irrigated","Garden City","Ulysses silt loam",,,2006-05-23,143,430663.221360896,0,0,0,,2006-10-03,276,60.5648648648649,4.71158243152012,2006-09-15
2006,"Franklin","dryland","Ottawa","Woodson silt loam",,,2006-06-08,159,344530.577088717,0,0,0,0,2006-10-24,297,40.44,3.86354595440149,2006-10-10
2006,"Harvey","dryland","Hesston","Ladysmith silty clay loam",,,2006-06-26,177,344530.577088717,15.6919,18.09814078,0,0,2006-11-01,305,37.3543859649123,5.58505883635202,2006-10-15
2006,"Nemaha","dryland","Centralia","Wymore silt loam",,,2006-05-30,150,387596.899224806,0,0,0,0,2006-10-14,287,33.2933333333333,2.27788031703572,2006-10-07
2006,"Reno","irrigated","Hutchinson","Punkin-Taver complex",,,2006-05-16,136,344530.577088717,17.9336,19.5655576,0,304.8,2006-10-13,286,74.3469696969697,6.55436952778526,2006-09-25
2006,"Republic","irrigated","Scandia","Crete silt loam",,,2006-05-17,137,516795.865633075,0,0,0,142.24,2006-10-12,285,69.3350877192982,2.30655054975964,2006-10-04
2006,"Shawnee","dryland","Topeka","Reading silty clay loam",,,2006-05-18,138,344530.577088717,12.32935,18.58727972,0,0,2006-10-09,282,41.480303030303,5.63776332346218,2006-09-30
2006,"Shawnee","irrigated","Topeka","Eudora silt loam",,,2006-05-18,138,344530.577088717,12.32935,18.58727972,0,83.82,2006-10-09,282,49.0066666666667,5.30157848789178,2006-10-01
2006,"Thomas","irrigated","Colby","Keith silt loam",,,2006-05-17,137,387596.899224806,56.0425,22.0112523,0,533.4,2006-10-04,277,60.5565217391304,8.32912884711112,2006-09-27
2007,"Finney","irrigated","Garden City","Keith silt loam",,,2007-05-25,145,430663.221360896,0,0,0,213.36,2007-10-05,278,57.9675675675676,4.16380261927151,2007-09-15
2007,"Franklin","dryland","Ottawa","Woodson silt loam",,,2007-05-25,145,344530.577088717,0,0,0,0,2007-10-12,285,24.9539325842697,2.57466044450416,2007-09-27
2007,"Harvey","dryland","Hesston","Ladysmith silty clay loam",,,2007-06-11,162,344530.577088717,0,0,0,0,2007-10-10,283,32.2783333333333,5.87782652285421,2007-09-28
2007,"Nemaha","dryland","Centralia","Wymore silt loam",,,2007-05-14,134,387596.899224806,0,0,0,0,2007-10-10,283,54.3414634146341,2.45678457024032,2007-09-24
2007,"Reno","irrigated","Hutchinson","Punkin-Taver complex",,,2007-06-05,156,344530.577088717,11.2085,17.1198629,0,,2007-10-11,284,54.625,4.16984640575874,2007-09-28
2007,"Republic","dryland","Belleville","Crete silt loam",,,2007-05-22,142,430663.221360896,11.2085,16.63072396,0,0,2007-10-30,303,49.6095238095238,1.62060465475223,2007-10-04
2007,"Republic","irrigated","Scandia","Crete silt loam",,,2007-05-23,143,516795.865633075,11.2085,16.63072396,4.6522560525,190.5,2007-11-01,305,70.975,2.1888196299716,2007-10-05
2007,"Shawnee","dryland","Topeka","Reading silty clay loam",,,2007-05-25,145,344530.577088717,12.32935,19.5655576,0,0,2007-10-10,283,29.3789473684211,3.62702139648036,2007-09-21
2007,"Shawnee","irrigated","Topeka","Eudora silt loam",,,2007-05-28,148,344530.577088717,11.2085,19.5655576,0,236.22,2007-10-11,284,71.3480519480519,5.57238516421097,2007-10-01
2007,"Thomas","irrigated","Colby","Keith silt loam",,,2007-05-16,136,387596.899224806,56.0425,19.5655576,0,184.15,2007-09-26,269,75.7736842105263,4.06555204742141,2007-09-18
2008,"Finney","irrigated","Garden City","Keith silt loam",,,2008-07-01,183,430663.221360896,0,0,0,114.554,2008-10-28,302,26.6764705882353,3.02348065879669,2008-10-16
2008,"Franklin","dryland","Ottawa","Woodson silt loam",,,2008-06-23,175,344530.577088717,0,0,0,0,2008-11-02,307,43.018085106383,3.62660310169105,2008-10-23
2008,"Harvey","dryland","Hesston","Ladysmith silty clay loam",,,2008-06-04,156,344530.577088717,15.6919,18.09814078,0,0,2008-10-30,304,61.8254237288136,3.38890650761544,2008-10-13
2008,"Neosho","dryland","Erie","Cherokee silt loam",,,2008-06-25,177,344530.577088717,0,0,0,0,2008-11-20,325,47.66,5.84823754245167,2008-09-26
2008,"Reno","irrigated","Hutchinson","Punkin-Taver complex",,,2008-05-23,144,344530.577088717,0,0,0,,,,63.3796875,3.54768780893733,2008-09-30
2008,"Republic","dryland","Belleville","Crete silt loam",,,2008-05-02,123,430663.221360896,11.2085,14.6741682,0,0,2008-10-10,284,57.846875,4.70325685031128,2008-10-07
2008,"Shawnee","dryland","Topeka","Reading silty clay loam",,,2008-05-16,137,344530.577088717,12.32935,18.09814078,0,0,2008-10-11,285,39.4866666666667,3.66703110392005,2008-09-22
2008,"Shawnee","irrigated","Topeka","Eudora silt loam",,,2008-05-16,137,344530.577088717,12.32935,18.09814078,0,62.484,2008-10-11,285,51.7149425287356,4.34576855770343,2008-09-24
2008,"Thomas","irrigated","Colby","Keith silt loam",,,2008-05-16,137,387596.899224806,56.0425,14.6741682,0,318.77,2008-10-03,277,74.4583333333333,3.8960310536512,2008-09-27
2009,"Finney","irrigated","Garden City","Keith silt loam",,,2009-06-03,154,430663.221360896,0,0,0,215.9,2009-10-20,293,41.6045454545455,6.34796384848284,2008-10-11
2009,"Franklin","dryland","Ottawa","Woodson silt loam",,,2009-05-19,139,344530.577088717,0,0,0,0,2009-11-06,310,51.2090909090909,5.08856361106201,2008-10-05
2009,"Harvey","dryland","Hesston","Ladysmith silty clay loam",,,2009-06-25,176,344530.577088717,0,0,0,0,2009-11-04,308,55.3733333333333,3.58021076068282,2008-10-22
2009,"Reno","irrigated","Hutchinson","Punkin-Taver complex",,,2009-05-29,149,344530.577088717,0,0,0,,2009-11-23,327,73.1981132075472,3.77692847155533,2008-10-07
2009,"Republic","dryland","Belleville","Crete silt loam",,,2009-05-19,139,430663.221360896,0,0,0,0,2009-10-19,292,59.7692307692308,4.82511966575324,2008-10-05
2009,"Republic","irrigated","Scandia","Crete silt loam",,,2009-05-18,138,516795.865633075,0,0,0,152.4,2009-10-21,294,78.4272727272727,3.59080097953662,2008-10-05
2009,"Shawnee","dryland","Topeka","Reading silty clay loam",,,2009-05-22,142,344530.577088717,0,0,0,0,2009-10-19,292,66.885,4.93186886570138,2008-10-01
2009,"Shawnee","irrigated","Topeka","Eudora silt loam",,,2009-05-22,142,344530.577088717,0,0,0,0,2009-10-19,292,70.0559322033898,6.13720342879058,2008-09-30
2009,"Thomas","irrigated","Colby","Keith silt loam",,,2009-05-15,135,387596.899224806,0,0,0,251.46,2009-10-07,280,69.37,3.61326260693389,2008-10-05
2010,"Finney","irrigated","Garden City","Keith silt loam",,,2010-05-25,145,430663.221360896,0,0,0,375.666,2009-09-30,273,53.1526315789474,19.0562141635114,2009-09-04
2010,"Franklin","dryland","Ottawa","Woodson silt loam",,,2010-06-21,172,344530.577088717,43.71315,48.913894,93.04512105,0,2010-10-21,294,48.0294736842105,14.8964501960517,2009-10-15
2010,"Neosho","dryland","Erie","Lanton silt loam",,,2010-05-27,147,387596.899224806,0,0,0,0,2010-10-18,291,52.1724137931034,15.8171899380688,2009-10-05
2010,"Reno","irrigated","Hutchinson","Punkin-Taver complex",,,2010-05-29,149,344530.577088717,0,0,0,,2010-10-21,294,49.509375,17.3175360132852,2009-10-10
2010,"Republic","dryland","Belleville","Crete silt loam",,,2010-05-07,127,387596.899224806,0,0,0,0,2010-10-21,294,47.8893617021277,16.1250714058756,2009-10-10
2010,"Republic","irrigated","Scandia","Crete silt loam",,,2010-05-29,149,387596.899224806,0,0,0,139.7,2010-10-09,282,46.2888888888889,13.585418073412,NaN
2010,"Shawnee","dryland","Topeka","Reading silty clay loam",,,2010-06-03,154,344530.577088717,0,0,0,0,2010-10-14,287,48.6472727272727,16.9696663419637,2009-10-02
2010,"Shawnee","irrigated","Topeka","Eudora silt loam",,,2010-05-28,148,344530.577088717,0,0,0,123.952,2010-10-06,279,48.846,18.1426232830822,2009-09-26
2010,"Thomas","irrigated","Colby","Keith silt loam",,,2010-05-28,148,387596.899224806,56.0425,24.456947,0,336.804,2010-09-28,271,44.5625,15.1675036399095,2009-09-25
2011,"Finney","irrigated","Garden City","Keith silt loam",,,2011-06-27,178,430663.221360896,0,0,0,474.472,2011-10-21,294,22.4285714285714,2.78498525258983,2009-09-24
2011,"Franklin","dryland","Ottawa","Woodson silt loam",,,2011-06-07,158,344530.577088717,43.71315,48.913894,93.04512105,0,2011-10-19,292,24.2635135135135,3.1747537634782,2009-10-06
2011,"Reno","irrigated","Hutchinson","Punkin-Taver complex",,,2011-05-30,150,344530.577088717,0,0,0,,2011-11-02,306,62.1574074074074,4.35684678481573,2010-09-29
2011,"Republic","dryland","Belleville","Crete silt loam",,,2011-05-17,137,387596.899224806,0,0,0,0,2011-10-04,277,66.9452830188679,5.39948594553706,2010-09-26
2011,"Republic","irrigated","Scandia","Crete silt loam",,,2011-06-07,158,387596.899224806,0,0,0,121.92,2011-10-13,286,60.8545454545455,4.65985083347201,2010-10-03
2011,"Shawnee","dryland","Topeka","Reading silty clay loam",,,2011-06-11,162,344530.577088717,0,0,0,0,2011-10-14,287,64.025,6.95097327082796,2009-10-12
2012,"Finney","irrigated","Garden City","Keith silt loam",,,2012-05-14,135,430663.221360896,0,0,0,627.634,2012-10-16,290,39.1642857142857,7.31615231225298,2012-08-25
2012,"Franklin","dryland","Ottawa","Woodson silt loam",,,2012-05-15,136,344530.577088717,0,0,0,0,2012-10-18,292,25.9518518518519,6.00234987759875,2012-10-09
2012,"Neosho","dryland","Erie","Lanton silt loam",,,2012-05-21,142,387596.899224806,0,0,0,0,2012-10-24,298,45.9175,4.88293141778269,2012-10-03
2012,"Reno","irrigated","Hutchinson","Fine sandy loam",,,2012-05-11,132,344530.577088717,0,0,0,454.66,2012-10-15,289,55.2938775510204,6.56694399255548,2012-10-02
2012,"Shawnee","dryland","Topeka","Wabash silty clay loam",,,2012-05-17,138,344530.577088717,0,0,0,0,2012-10-19,293,37.15,2.50682851212228,2012-10-05
2012,"Shawnee","irrigated","Topeka","Eudora silt loam",,,2012-05-09,130,344530.577088717,0,0,0,323.85,2012-10-03,277,54.445,9.00110961820677,2012-09-24
2012,"Thomas","irrigated","Colby","Keith silt loam",,,2012-05-14,135,387596.899224806,0,0,0,439.42,2012-10-02,276,59.5733333333333,4.19190830506766,2012-09-26
2013,"Finney","irrigated","Garden City","Keith silt loam",,,2013-05-17,137,430663.221360896,,,,332.74,2013-10-18,291,28.8791666666667,6.53110261888754,2013-09-11
2013,"Franklin","dryland","Ottawa","Woodson silt loam",,,2013-05-23,143,344530.577088717,,,,0,2013-10-11,284,54.2372093023256,6.81720593707443,2013-10-03
2013,"Saline","dryland","Assaria","Ladysmith silty clay loam",,,2013-06-11,162,301464.254952627,,,,0,2013-10-15,288,48.4409090909091,3.08786551195375,2013-10-04
2013,"Shawnee","dryland","Topeka","Wabash silty clay loam",,,2013-05-23,143,344530.577088717,,,,0,2013-10-10,283,51.7576923076923,5.27015544946622,2013-09-28
2013,"Shawnee","irrigated","Topeka","Eudora silt loam",,,2013-05-15,135,344530.577088717,,,,83.82,2013-10-10,283,69.3565217391304,8.05920287547983,2013-10-02
2014,"Franklin","dryland","Ottawa","Wabash silty clay loam",,,2014-05-06,126,344530.577088717,,,,0,2014-10-18,291,39.9796226415094,5.38960072813453,2014-09-28
2014,"Neosho","dryland","Erie","Lanton silt loam",,,2014-05-19,139,387596.899224806,,,,0,2014-11-11,315,41.1674074074074,4.74601824414837,2014-10-07
2014,"Reno","irrigated","Hutchinson","Fine sandy loam",,,2014-06-04,155,344530.577088717,,,,289.56,2014-11-14,318,42.9644827586207,5.22999425444023,2014-10-15
2014,"Republic","dryland","Belleville","Crete silt loam",,,2014-05-14,134,344530.577088717,,,,0,2014-10-17,290,60.1118518518519,5.09863408332756,NaN
2014,"Republic","irrigated","Scandia","Crete silt loam",,,2014-05-03,123,387596.899224806,,,,142.24,2014-10-22,295,61.3775,4.78481245851474,NaN
2014,"Saline","dryland","Assaria","Ladysmith silty clay loam",,,2014-05-20,140,344530.577088717,,,,0,2014-10-21,294,25.6586956521739,2.45283751147676,NaN
2014,"Shawnee","dryland","Topeka",,,,2014-05-20,140,344530.577088717,,,,0,2014-10-16,289,59.0751724137931,4.55635084304601,2014-10-06
2014,"Shawnee","irrigated","Topeka",,,,2014-05-14,134,344530.577088717,,,,96.52,2014-09-30,273,40.7025,6.23125576325485,2014-09-23
2014,"Thomas","irrigated","Colby","Keith silt loam",,,2014-05-20,140,387596.899224806,,,,340.36,2014-10-13,286,66.19,4.31461547147213,2014-09-30
2015,"Finney","irrigated","Garden City",,,,2015-06-16,167,430663.221360896,,,,284.988,2015-10-19,292,59.7166666666667,4.28813090596202,2015-09-16
2015,"Franklin","dryland","Ottawa",,,,2015-06-10,161,344530.577088717,,,,0,2015-10-21,294,56.906835443038,5.20521940824385,2015-10-11
2015,"Republic","dryland","Belleville",,,,2015-06-17,168,344530.577088717,,,,0,2015-10-27,300,40.99,2.96119908145332,NaN
2015,"Republic","irrigated","Scandia",,,,2015-06-10,161,387596.899224806,,,,,2015-10-19,292,60.6526,4.79424987641977,NaN
2015,"Saline","dryland","Assaria",,,,2015-06-10,161,344530.577088717,,,,0,2015-10-16,289,46.4080952380952,4.94060686459429,2015-09-30
2015,"Shawnee","dryland","Topeka",,,,2015-06-02,153,344530.577088717,,,,0,2015-10-14,287,80.1582352941176,4.99526713611403,2015-10-08
2015,"Shawnee","irrigated","Topeka",,,,2015-05-22,142,344530.577088717,,,,,2015-10-12,285,67.361875,6.87378960019449,2015-10-05
2015,"Thomas","irrigated","Colby",,,,2015-06-01,152,387596.899224806,,,,,2015-10-10,283,74.9571428571429,5.75429591075845,2015-10-01
2016,"Franklin","dryland","Ottawa",,,,2016-06-03,155,345947.228221386,,,,0,2016-10-17,291,75.1744827586207,7.23347640032105,2016-10-05
2016,"Reno","irrigated","Hutchinson","Nalim loam",,,2016-06-06,158,449731.396687802,,,,122.936,2016-11-17,322,69.6674285714286,4.74486430901078,2016-10-17
2016,"Republic","dryland","Belleville",,,,2016-06-07,159,350889.331481692,,,,0,2016-10-25,299,64.478,4.39584239308322,NaN
2016,"Republic","irrigated","Scandia",,,,2016-06-02,154,412665.622235511,,,,158.75,2016-10-21,295,52.5231034482759,7.43880465942214,NaN
2016,"Saline","dryland","Assaria","Ladysmith silty clay loam",,,2016-06-07,159,383013.002673678,,,,0,2016-10-21,295,59.4173333333333,3.90372671928384,2016-10-10
2016,"Shawnee","dryland","Topeka","Wabash silty clay loam",,,2016-06-01,153,247105.163015276,,,,0,2016-10-19,293,75.2647058823529,4.62931714009752,2016-09-13
2016,"Shawnee","irrigated","Topeka","Eudora silt loam",,,2016-05-12,133,345947.228221386,,,,20.32,2016-10-03,277,57.0882051282051,5.19982685531318,2016-09-27
2016,"Thomas","irrigated","Colby",,,,2016-05-23,144,444789.293427497,,,,815.086,2016-10-03,277,75.4414705882353,5.88814532324004,2016-10-04
2017,"Franklin","dryland","Ottawa","Woodson silt loam",,,2017-06-09,160,345947.228221386,,,,0,2017-10-18,291,71.456724137931,5.1025382015232,2017-09-29
2017,"Neosho","dryland","Erie","Lanton silt loam",,,2017-07-11,192,301468.298878637,,,,0,2017-11-28,332,44.2675,5.55256290722669,2017-10-27
2017,"Republic","dryland","Belleville",,,,2017-06-02,153,350889.331481692,,,,0,2017-10-18,291,54.0614634146341,3.9251513098068,NaN
2017,"Republic","irrigated","Scandia",,,,2017-06-09,160,376588.268435281,,,,158.75,2017-11-06,310,63.599387755102,4.39134490037091,NaN
2017,"Saline","dryland","Assaria","Ladysmith silty clay loam",,,2017-05-15,135,383013.002673678,,,,0,2017-10-18,291,31.0785714285714,1.5151963918318,2017-09-22
2017,"Shawnee","dryland","Kiro",,,,2017-05-12,132,345947.228221386,,,,0,2017-10-12,285,82.8588235294118,5.76568309953626,2017-09-29
2017,"Shawnee","irrigated","Topeka","Eudora silt loam",,,2017-05-12,132,345947.228221386,,,,20.32,2017-10-13,286,70.4382857142857,6.69950195063444,2017-09-29
2017,"Thomas","irrigated","Colby",,,,2017-05-24,144,444789.293427497,,,,365.76,2017-10-23,296,75.8139130434783,4.41641436125243,2017-09-30
2018,"Franklin","dryland","Ottawa","Woodson silt loam",,,2018-05-16,136,345947.228221386,,,,0,2018-10-29,302,49.4166666666667,7.69395903613462,2018-09-30
2018,"Neosho","dryland","Erie","Lanton silt loam",,,2018-06-08,159,247105.163015276,,,,0,2018-12-10,344,60.9,4.8461168459756,2018-10-17
2018,"Republic","dryland","Belleville",,,,2018-05-22,142,350889.331481692,,,,0,2018-10-22,295,58.0827586206897,3.64114081078182,2018-10-08
2018,"Republic","irrigated","Scandia",,,,2018-05-22,142,412665.622235511,,,,104.14,2018-10-29,302,49.5315789473684,4.26399795035433,2018-10-04
2018,"Shawnee","dryland","Kiro",,,,2018-05-10,130,247105.163015276,,,,0,2018-10-22,295,58.352,3.90599112475523,2018-10-02
2018,"Shawnee","irrigated","Topeka",,,,2018-05-10,130,345947.228221386,,,,86.36,2018-10-19,292,56.28,4.78980535033707,1963-11-24
2018,"Thomas","irrigated","Colby",,,,2018-05-08,128,444789.293427497,,,,243.84,2018-10-23,296,64.345,6.27220057077259,2018-09-29
2019,"Franklin","dryland","Ottawa",,,,2019-06-03,154,345947.228221386,,,,0,2019-11-02,306,71.5004255319149,3.88570342657979,2019-10-10
2019,"Republic","irrigated","Scandia",,,,2019-06-07,158,412665.622235511,,,,495.046,2019-10-23,296,63.5280952380952,2.44615743370622,2019-10-13
2019,"Saline","dryland","Assaria","Ladysmith silty clay loam",,,2019-06-07,158,383013.002673678,,,,0,2019-10-23,296,58.679375,4.61857188425167,2019-10-02
2019,"Shawnee","dryland","Kiro",,,,2019-06-10,161,247105.163015276,,,,0,2019-10-17,290,83.00375,7.52173993612293,2019-10-10
2019,"Shawnee","irrigated","Topeka",,,,2019-05-15,135,345947.228221386,,,,31.496,2019-10-16,289,62.5156060606061,7.59831023130881,2019-10-06
2019,"Thomas","irrigated","Colby",,,,2019-06-03,154,444789.293427497,,,,190.5,2019-10-09,282,58.0838461538462,4.99414580360769,2019-10-06
2020,"Franklin","dryland","Ottawa",,,,2020-05-20,141,345947.228221386,,,,0,2020-10-05,279,48.8584375,4.37950881718929,2020-09-29
2020,"Republic","dryland","Belleville",,,,2020-05-15,136,350889.331481692,,,,0,2020-10-15,289,63.5746153846154,10.025446470012,2020-10-14
2020,"Republic","irrigated","Scandia",,,,2020-05-19,140,412665.622235511,,,,50.8,2020-10-14,288,61.4469230769231,7.14730296990338,NaN
2020,"Shawnee","dryland","Kiro",,,,2020-05-18,139,247105.163015276,,,,0,2020-10-12,286,71.1672727272727,4.79342623443139,2020-10-03
2020,"Shawnee","irrigated","Topeka",,,,2020-05-18,139,345947.228221386,,,,54.61,2020-10-12,286,58.4318181818182,11.0287599752152,2020-10-03
2021,"Franklin","dryland","Ottawa",,,,2021-06-07,158,345947.228221386,,,,0,2021-10-15,288,60.9615384615385,3.09839660767655,2021-09-20
2021,"Labette","dryland","Parsons",,,,2021-06-08,159,,,,,0,2021-11-09,313,35.1535714285714,2.55001556173278,2021-10-10
2021,"Republic","dryland","Belleville",,,,,,350889.331481692,,,,0,2021-10-20,293,72.8153846153846,13.3575101318725,2021-10-03
2021,"Republic","irrigated","Scandia","Crete silt loam","no-tillage",,2021-05-24,144,412665.622235511,,,,254,2021-10-19,292,63.1166666666667,4.10339844371453,2021-10-02
2021,"Shawnee","dryland","Kiro",,,,2021-04-06,96,247105.163015276,,,,0,2021-10-14,287,85.188,5.56958406585866,2021-09-29
2021,"Shawnee","irrigated","Topeka",,,,2021-05-07,127,345947.228221386,,,,,2021-10-07,280,77.195652173913,6.95397062906376,2021-09-28
2021,"Thomas","irrigated","Colby",,,,2021-05-28,148,444789.293427497,,,,279.4,2021-10-05,278,77.4714285714286,8.37192018709254,2021-09-29
